-- phpMyAdmin SQL Dump
-- version 4.2.11
-- http://www.phpmyadmin.net
--
-- Host: 127.0.0.1
-- Generation Time: Feb 26, 2020 at 04:41 AM
-- Server version: 5.6.21
-- PHP Version: 5.6.3

SET SQL_MODE = "NO_AUTO_VALUE_ON_ZERO";
SET time_zone = "+00:00";


/*!40101 SET @OLD_CHARACTER_SET_CLIENT=@@CHARACTER_SET_CLIENT */;
/*!40101 SET @OLD_CHARACTER_SET_RESULTS=@@CHARACTER_SET_RESULTS */;
/*!40101 SET @OLD_COLLATION_CONNECTION=@@COLLATION_CONNECTION */;
/*!40101 SET NAMES utf8 */;

--
-- Database: `db_etms`
--

-- --------------------------------------------------------

--
-- Table structure for table `acf_series`
--

CREATE TABLE IF NOT EXISTS `acf_series` (
`acf_id` int(11) NOT NULL,
  `acf_prefix` varchar(50) DEFAULT NULL,
  `series` int(11) NOT NULL DEFAULT '0'
) ENGINE=InnoDB DEFAULT CHARSET=latin1;

-- --------------------------------------------------------

--
-- Table structure for table `asset_series`
--

CREATE TABLE IF NOT EXISTS `asset_series` (
`asset_id` int(11) NOT NULL,
  `subcat_prefix` varchar(50) DEFAULT NULL,
  `location` varchar(50) DEFAULT NULL,
  `series` int(11) NOT NULL DEFAULT '0'
) ENGINE=InnoDB AUTO_INCREMENT=344 DEFAULT CHARSET=latin1;

--
-- Dumping data for table `asset_series`
--

INSERT INTO `asset_series` (`asset_id`, `subcat_prefix`, `location`, `series`) VALUES
(1, 'FFE- COMP', 'BCD', 1001),
(2, 'FFE- COMP', 'BCD', 1002),
(3, 'FFE- COMP', 'BCD', 1003),
(4, 'FFE- COMP', 'BCD', 1004),
(5, 'FFE- COMP', 'BCD', 1004),
(6, 'FFE- COMP', 'BCD', 1005),
(7, 'FFE- COMP', 'BCD', 1006),
(8, 'FFE- COMP', 'BCD', 1007),
(9, 'FFE- COMP', 'BCD', 1008),
(10, 'FFE- COMP', 'BCD', 1009),
(11, 'FFE- COMP', 'BCD', 1010),
(12, 'FFE- COMP', 'BCD', 1009),
(13, 'FFE- COMP', 'BCD', 1011),
(14, 'FFE-EQU', 'BCD', 1001),
(15, 'FFE- COMP', 'BCD', 1012),
(16, 'FFE-EQU', 'BCD', 1002),
(17, 'FFE- COMP', 'BCD', 1013),
(18, 'FFE- COMP', 'BCD', 1014),
(19, 'FFE- COMP', 'BCD', 1015),
(20, 'FFE- COMP', 'BCD', 1015),
(21, 'FFE- COMP', 'BCD', 1016),
(22, 'FFE- COMP', 'BCD', 1017),
(23, 'FFE- COMP', 'BCD', 1018),
(24, 'FFE- COMP', 'BCD', 1019),
(25, 'FFE- COMP', 'BCD', 1020),
(26, 'FFE- COMP', 'BCD', 1021),
(27, 'FFE- COMP', 'BCD', 1022),
(28, 'FFE- COMP', 'BCD', 1023),
(29, 'FFE- COMP', 'BCD', 1024),
(30, 'FFE- COMP', 'BCD', 1025),
(31, 'FFE- COMP', 'BCD', 1026),
(32, 'FFE- COMP', 'BCD', 1027),
(33, 'FFE- COMP', 'BCD', 1028),
(34, 'FFE- COMP', 'BCD', 1027),
(35, 'FFE- COMP', 'BCD', 1029),
(36, 'FFE- COMP', 'BCD', 1030),
(37, 'FFE- COMP', 'BCD', 1031),
(38, 'FFE- COMP', 'BCD', 1031),
(39, 'FFE- COMP', 'BCD', 1032),
(40, 'FFE- COMP', 'BCD', 1032),
(41, 'FFE- COMP', 'BCD', 1033),
(42, 'FFE- COMP', 'BCD', 1034),
(43, 'FFE- COMP', 'BCD', 1035),
(44, 'FFE- COMP', 'BCD', 1036),
(45, 'FFE- COMP', 'BCD', 1036),
(46, 'FFE- COMP', 'BCD', 1037),
(47, 'FFE- COMP', 'BCD', 1037),
(48, 'FFE- COMP', 'BCD', 1038),
(49, 'FFE- COMP', 'BCD', 1039),
(50, 'FFE- COMP', 'BCD', 1040),
(51, 'FFE- COMP', 'BCD', 1040),
(52, 'FFE- COMP', 'BCD', 1041),
(53, 'FFE- COMP', 'BCD', 1042),
(54, 'FFE- COMP', 'BCD', 1043),
(55, 'FFE- COMP', 'BCD', 1044),
(56, 'FFE- COMP', 'BCD', 1045),
(57, 'FFE- COMP', 'BCD', 1046),
(58, 'FFE- COMP', 'BCD', 1046),
(59, 'FFE- COMP', 'BCD', 1047),
(60, 'FFE- COMP', 'BCD', 1048),
(61, 'FFE- COMP', 'BCD', 1049),
(62, 'FFE- COMP', 'BCD', 1050),
(63, 'FFE- COMP', 'BCD', 1051),
(64, 'FFE- COMP', 'BCD', 1052),
(65, 'FFE-EQU', 'BCD', 1003),
(66, 'FFE- COMP', 'BCD', 1053),
(67, 'FFE- COMP', 'BCD', 1054),
(68, 'FFE- COMP', 'BCD', 1055),
(69, 'FFE- COMP', 'BCD', 1055),
(70, 'FFE- COMP', 'BCD', 1056),
(71, 'FFE- COMP', 'BCD', 1057),
(72, 'FFE- COMP', 'BCD', 1057),
(73, 'FFE- COMP', 'BCD', 1058),
(74, 'FFE- COMP', 'BCD', 1059),
(75, 'FFE- COMP', 'BCD', 1060),
(76, 'FFE- COMP', 'BCD', 1061),
(77, 'FFE- COMP', 'BCD', 1062),
(78, 'FFE- COMP', 'BCD', 1062),
(79, 'FFE- COMP', 'BCD', 1063),
(80, 'FFE- COMP', 'BCD', 1064),
(81, 'FFE- COMP', 'BCD', 1065),
(82, 'FFE- COMP', 'BCD', 1066),
(83, 'FFE- COMP', 'BCD', 1067),
(84, 'FFE- COMP', 'BCD', 1068),
(85, 'FFE- COMP', 'BCD', 1069),
(86, 'FFE- COMP', 'BCD', 1070),
(87, 'FFE- COMP', 'BCD', 1071),
(88, 'FFE- COMP', 'BCD', 1072),
(89, 'FFE- COMP', 'BCD', 1073),
(90, 'FFE- COMP', 'BCD', 1074),
(91, 'FFE- COMP', 'BCD', 1075),
(92, 'FFE- COMP', 'BCD', 1076),
(93, 'FFE- COMP', 'BCD', 1077),
(94, 'FFE- COMP', 'BCD', 1078),
(95, 'FFE- COMP', 'BCD', 1079),
(96, 'FFE- COMP', 'BCD', 1080),
(97, 'FFE-EQU', 'BCD', 1004),
(98, 'FFE- COMP', 'BCD', 1081),
(99, 'FFE- COMP', 'BCD', 1082),
(100, 'FFE- COMP', 'BCD', 1083),
(101, 'FFE- COMP', 'BCD', 1084),
(102, 'FFE- COMP', 'BCD', 1085),
(103, 'FFE- COMP', 'BCD', 1086),
(104, 'FFE- COMP', 'BCD', 1087),
(105, 'FFE- COMP', 'BCD', 1088),
(106, 'FFE- COMP', 'BCD', 1089),
(107, 'FFE- COMP', 'BCD', 1090),
(108, 'FFE- COMP', 'BCD', 1091),
(109, 'FFE- COMP', 'BCD', 1092),
(110, 'FFE- COMP', 'BCD', 1093),
(111, 'FFE- COMP', 'BCD', 1094),
(112, 'FFE- COMP', 'BCD', 1093),
(113, 'FFE- COMP', 'BCD', 1095),
(114, 'FFE- COMP', 'BCD', 1096),
(115, 'FFE- COMP', 'BCD', 1097),
(116, 'FFE- COMP', 'BCD', 1097),
(117, 'FFE- COMP', 'BCD', 1098),
(118, 'FFE- COMP', 'BCD', 1099),
(119, 'FFE- COMP', 'BCD', 1099),
(120, 'FFE- COMP', 'BCD', 1100),
(121, 'FFE- COMP', 'BCD', 1101),
(122, 'FFE- COMP', 'BCD', 1102),
(123, 'FFE- COMP', 'BCD', 1103),
(124, 'FFE- COMP', 'BCD', 1103),
(125, 'FFE- COMP', 'BCD', 1104),
(126, 'FFE- COMP', 'BCD', 1104),
(127, 'FFE- COMP', 'BCD', 1105),
(128, 'FFE- COMP', 'BCD', 1106),
(129, 'FFE- COMP', 'BCD', 1107),
(130, 'FFE- COMP', 'BCD', 1108),
(131, 'FFE- COMP', 'BCD', 1109),
(132, 'FFE- COMP', 'BCD', 1110),
(133, 'FFE- COMP', 'BCD', 1111),
(134, 'FFE- COMP', 'BCD', 1112),
(135, 'FFE- COMP', 'BCD', 1113),
(136, 'FFE- COMP', 'BCD', 1114),
(137, 'FFE- COMP', 'BCD', 1115),
(138, 'FFE- COMP', 'BCD', 1116),
(139, 'FFE- COMP', 'BCD', 1117),
(140, 'FFE- COMP', 'BCD', 1118),
(141, 'FFE- COMP', 'BCD', 1118),
(142, 'FFE- COMP', 'BCD', 1119),
(143, 'FFE- COMP', 'BCD', 1120),
(144, 'FFE- COMP', 'BCD', 1121),
(145, 'FFE- COMP', 'BCD', 1122),
(146, 'FFE- COMP', 'BCD', 1123),
(147, 'FFE- COMP', 'BCD', 1124),
(148, 'FFE- COMP', 'BCD', 1125),
(149, 'FFE- COMP', 'BCD', 1126),
(150, 'FFE- COMP', 'BCD', 1127),
(151, 'FFE- COMP', 'BCD', 1128),
(152, 'FFE- COMP', 'BCD', 1128),
(153, 'FFE- COMP', 'BCD', 1129),
(154, 'FFE- COMP', 'BCD', 1129),
(155, 'FFE- COMP', 'BCD', 1130),
(156, 'FFE- COMP', 'BCD', 1131),
(157, 'FFE- COMP', 'BCD', 1132),
(158, 'FFE- COMP', 'BCD', 1133),
(159, 'FFE- COMP', 'BCD', 1133),
(160, 'FFE- COMP', 'BCD', 1134),
(161, 'FFE- COMP', 'BCD', 1135),
(162, 'FFE- COMP', 'BCD', 1136),
(163, 'FFE- COMP', 'BCD', 1137),
(164, 'FFE- COMP', 'BCD', 1138),
(165, 'FFE- COMP', 'BCD', 1139),
(166, 'FFE- COMP', 'BCD', 1140),
(167, 'FFE- COMP', 'BCD', 1141),
(168, 'FFE- COMP', 'BCD', 1142),
(169, 'FFE- COMP', 'BCD', 1143),
(170, 'FFE- COMP', 'BCD', 1144),
(171, 'FFE- COMP', 'BCD', 1145),
(172, 'FFE- COMP', 'BCD', 1146),
(173, 'FFE- COMP', 'BCD', 1147),
(174, 'FFE- COMP', 'BCD', 1148),
(175, 'FFE- COMP', 'BCD', 1149),
(176, 'FFE- COMP', 'BCD', 1150),
(177, 'FFE- COMP', 'BCD', 1151),
(178, 'FFE- COMP', 'BCD', 1152),
(179, 'FFE- COMP', 'BCD', 1153),
(180, 'FFE- COMP', 'BCD', 1154),
(181, 'FFE- COMP', 'BCD', 1155),
(182, 'FFE-EQU', 'BCD', 1005),
(183, 'FFE- COMP', 'BCD', 1156),
(184, 'FFE- COMP', 'BCD', 1157),
(185, 'FFE- COMP', 'BCD', 1158),
(186, 'FFE- COMP', 'BCD', 1159),
(187, 'FFE- COMP', 'BCD', 1160),
(188, 'FFE- COMP', 'BCD', 1161),
(189, 'FFE- COMP', 'BCD', 1162),
(190, 'FFE- COMP', 'BCD', 1163),
(191, 'FFE- COMP', 'BCD', 1164),
(192, 'FFE- COMP', 'BCD', 1165),
(193, 'FFE- COMP', 'BCD', 1166),
(194, 'FFE- COMP', 'BCD', 1167),
(195, 'FFE- COMP', 'BCD', 1168),
(196, 'FFE-EQU', 'BCD', 1006),
(197, 'FFE- COMP', 'BCD', 1169),
(198, 'FFE- COMP', 'BCD', 1170),
(199, 'FFE- COMP', 'BCD', 1171),
(200, 'FFE- COMP', 'BCD', 1172),
(201, 'FFE- COMP', 'BCD', 1173),
(202, 'FFE- COMP', 'BCD', 1174),
(203, 'FFE- COMP', 'BCD', 1175),
(204, 'FFE- COMP', 'BCD', 1176),
(205, 'FFE- COMP', 'BCD', 1177),
(206, 'FFE- COMP', 'BCD', 1178),
(207, 'FFE- COMP', 'BCD', 1179),
(208, 'FFE- COMP', 'BCD', 1180),
(209, 'FFE- COMP', 'BCD', 1181),
(210, 'FFE- COMP', 'BCD', 1182),
(211, 'FFE- COMP', 'BCD', 1183),
(212, 'FFE- COMP', 'BCD', 1184),
(213, 'FFE- COMP', 'BCD', 1185),
(214, 'FFE- COMP', 'BCD', 1186),
(215, 'FFE- COMP', 'BCD', 1187),
(216, 'FFE- COMP', 'BCD', 1188),
(217, 'FFE- COMP', 'BCD', 1189),
(218, 'FFE- COMP', 'BCD', 1190),
(219, 'FFE- COMP', 'BCD', 1191),
(220, 'FFE- COMP', 'BCD', 1192),
(221, 'FFE- COMP', 'BCD', 1193),
(222, 'FFE- COMP', 'BCD', 1194),
(223, 'FFE- COMP', 'BCD', 1195),
(224, 'FFE- COMP', 'BCD', 1196),
(225, 'FFE- COMP', 'BCD', 1197),
(226, 'FFE- COMP', 'BCD', 1198),
(227, 'FFE- COMP', 'BCD', 1199),
(228, 'FFE- COMP', 'BCD', 1200),
(229, 'FFE- COMP', 'BCD', 1201),
(230, 'FFE- COMP', 'BCD', 1202),
(231, 'FFE- COMP', 'BCD', 1203),
(232, 'FFE-COMP', 'BCD', 1204),
(233, 'FFE- COMP', 'BCD', 1204),
(234, 'FFE- COMP', 'BCD', 1205),
(235, 'FFE- COMP', 'BCD', 1206),
(236, 'FFE- COMP', 'BCD', 1207),
(237, 'FFE- COMP', 'BCD', 1208),
(238, 'FFE- COMP', 'BCD', 1209),
(239, 'FFE- COMP', 'BCD', 1210),
(240, 'FFE- COMP', 'BCD', 1211),
(241, 'FFE- COMP', 'BCD', 1212),
(242, 'FFE- COMP', 'BCD', 1213),
(243, 'FFE- COMP', 'BCD', 1214),
(244, 'FFE- COMP', 'BCD', 1215),
(245, 'FFE- COMP', 'BCD', 1216),
(246, 'FFE- COMP', 'BCD', 1217),
(247, 'FFE- COMP', 'BCD', 1218),
(248, 'FFE- COMP', 'BCD', 1219),
(249, 'FFE- COMP', 'BCD', 1220),
(250, 'FFE- COMP', 'BCD', 1221),
(251, 'FFE- COMP', 'BCD', 1222),
(252, 'FFE- COMP', 'BCD', 1223),
(253, 'FFE- COMP', 'BCD', 1224),
(254, 'FFE- COMP', 'BCD', 1225),
(255, 'FFE- COMP', 'BCD', 1226),
(256, 'FFE- COMP', 'BCD', 1227),
(257, 'FFE- COMP', 'BCD', 1228),
(258, 'FFE- COMP', 'BCD', 1229),
(259, 'FFE- COMP', 'BCD', 1230),
(260, 'FFE- COMP', 'BCD', 1231),
(261, 'FFE- COMP', 'BCD', 1232),
(262, 'FFE-EQU', 'BCD', 1007),
(263, 'FFE- COMP', 'BCD', 1233),
(264, 'FFE- COMP', 'BCD', 1234),
(265, 'FFE- COMP', 'BCD', 1235),
(266, 'FFE-TRA', 'BCD', 1001),
(267, 'FFE-EQU', 'BCD', 1008),
(268, 'FFE- COMP', 'BCD', 1236),
(269, 'FFE- COMP', 'BCD', 1237),
(270, 'FFE- COMP', 'BCD', 1238),
(271, 'FFE- COMP', 'BCD', 1239),
(272, 'FFE- COMP', 'BCD', 1240),
(273, 'FFE- COMP', 'BCD', 1241),
(274, 'FFE- COMP', 'BCD', 1242),
(275, 'FFE- COMP', 'BCD', 1243),
(276, 'FFE- COMP', 'BCD', 1244),
(277, 'FFE- COMP', 'BCD', 1245),
(278, 'FFE-EQU', 'BCD', 1009),
(279, 'FFE- COMP', 'BCD', 1246),
(280, 'FFE- COMP', 'BCD', 1247),
(281, 'FFE- COMP', 'BCD', 1248),
(282, 'FFE- COMP', 'BCD', 1249),
(283, 'FFE- COMP', 'BCD', 1250),
(284, 'FFE- COMP', 'BCD', 1251),
(285, 'FFE- COMP', 'BCD', 1252),
(286, 'FFE- COMP', 'BCD', 1253),
(287, 'FFE- COMP', 'BCD', 1254),
(288, 'FFE- COMP', 'BCD', 1255),
(289, 'FFE- COMP', 'BCD', 1256),
(290, 'FFE- COMP', 'BCD', 1257),
(291, 'FFE- COMP', 'BCD', 1258),
(292, 'FFE- COMP', 'BCD', 1259),
(293, 'FFE- COMP', 'BCD', 1260),
(294, 'FFE- COMP', 'BCD', 1261),
(295, 'FFE- COMP', 'BCD', 1262),
(296, 'FFE- COMP', 'BCD', 1263),
(297, 'FFE- COMP', 'BCD', 1264),
(298, 'FFE- COMP', 'BCD', 1265),
(299, 'FFE- COMP', 'BCD', 1266),
(300, 'FFE- COMP', 'BCD', 1267),
(301, 'FFE- COMP', 'BCD', 1268),
(302, 'FFE- COMP', 'BCD', 1269),
(303, 'FFE- COMP', 'BCD', 1270),
(304, 'FFE-EQU', 'BCD', 1010),
(305, 'FFE- COMP', 'BCD', 1271),
(306, 'FFE- COMP', 'BCD', 1272),
(307, 'FFE- COMP', 'BCD', 1273),
(308, 'FFE- COMP', 'BCD', 1274),
(309, 'FFE- COMP', 'BCD', 1275),
(310, 'FFE- COMP', 'BCD', 1276),
(311, 'FFE- COMP', 'BCD', 1277),
(312, 'FFE- COMP', 'BCD', 1278),
(313, 'FFE- COMP', 'BCD', 1279),
(314, 'FFE- COMP', 'BCD', 1280),
(315, 'FFE- COMP', 'BCD', 1281),
(316, 'FFE- COMP', 'BCD', 1282),
(317, 'FFE- COMP', 'BCD', 1283),
(318, 'FFE- COMP', 'BCD', 1284),
(319, 'FFE- COMP', 'BCD', 1285),
(320, 'FFE- COMP', 'BCD', 1286),
(321, 'FFE- COMP', 'BCD', 1287),
(322, 'FFE- COMP', 'BCD', 1288),
(323, 'FFE- COMP', 'BCD', 1289),
(324, 'FFE- COMP', 'BCD', 1290),
(325, 'FFE-COM', 'BCD', 1001),
(326, 'FFE- COMP', 'BCD', 1291),
(327, 'FFE- COMP', 'BCD', 1292),
(328, 'FFE- COMP', 'BCD', 1293),
(329, 'FFE- COMP', 'BCD', 1294),
(330, 'FFE- COMP', 'BCD', 1295),
(331, 'FFE- COMP', 'BCD', 1296),
(332, 'FFE- COMP', 'BCD', 1297),
(333, 'FFE-COM', 'BCD', 1002),
(334, 'FFE-COM', 'BCD', 1002),
(335, 'FFE-PPE-BCD', 'BCD', 1001),
(336, 'FFE-PPE', 'BCD', 1001),
(337, 'FFE-COM-BCD', 'BCD', 1003),
(338, 'FFE-TRA-BCD', 'BCD', 1002),
(339, 'FFE-FUR-BCD', 'BCD', 1001),
(340, 'FFE-TRA-BCD', 'BCD', 1002),
(341, 'FFE-FUR', 'BCD', 1001),
(342, 'FFE-FUR', 'BCD', 1002),
(343, 'FFE-FUR', 'BCD', 1003);

-- --------------------------------------------------------

--
-- Table structure for table `atf_series`
--

CREATE TABLE IF NOT EXISTS `atf_series` (
`atf_id` int(11) NOT NULL,
  `atf_prefix` varchar(255) DEFAULT NULL,
  `series` int(11) DEFAULT '0'
) ENGINE=InnoDB AUTO_INCREMENT=55 DEFAULT CHARSET=latin1;

--
-- Dumping data for table `atf_series`
--

INSERT INTO `atf_series` (`atf_id`, `atf_prefix`, `series`) VALUES
(1, 'BCD-2019', 1001),
(2, 'BCD-2019', 1002),
(3, '-2019', 1003),
(4, '-2019', 1004),
(5, 'BCD-2019', 1005),
(6, 'BCD-2019', 1006),
(7, 'BCD-2019', 1007),
(8, 'BCD-2019', 1008),
(9, 'BCD-2019', 1009),
(10, '-2019', 1010),
(11, 'BCD-2019', 1011),
(12, 'BCD-2019', 1012),
(13, 'BCD-2019', 1013),
(14, 'BCD-2019', 1014),
(15, 'BCD-2019', 1015),
(16, 'BCD-2019', 1016),
(17, 'BCD-2019', 1017),
(18, 'BCD-2019', 1018),
(19, 'BCD-2019', 1019),
(20, 'BCD-2019', 1020),
(21, '-2019', 1021),
(22, 'BCD-2019', 1022),
(23, 'BCD-2019', 1023),
(24, 'BCD-2019', 1024),
(25, 'BCD-2019', 1025),
(26, 'BCD-2019', 1026),
(27, 'BCD-2019', 1027),
(28, 'BCD-2019', 1028),
(29, 'BCD-2019', 1029),
(30, 'BCD-2019', 1030),
(31, 'CENPRI-B', 2019),
(32, 'CENPRI-B', 2019),
(33, 'CENPRI-B', 2019),
(34, 'CENPRI-B', 2019),
(35, 'CENPRI-B', 2019),
(36, 'CENPRI-S', 2019),
(37, 'CENPRI-S', 2019),
(38, 'CENPRI-B', 2019),
(39, 'CENPRI-B', 2020),
(40, 'CENPRI-B', 2020),
(41, 'CENPRI-B', 2020),
(43, 'CENPRI-B-2020', 1001),
(44, 'CENPRI-B-2020', 1002),
(45, 'CENPRI-B-2020', 1003),
(46, 'CENPRI-B-2020', 1004),
(47, 'NA-2020', 1005),
(48, 'CENPRI-B-2020', 1005),
(49, 'CENPRI-B-2020', 1006),
(50, 'CENPRI-B-2020', 1007),
(51, 'CENPRI-B-2020', 1008),
(52, 'CENPRI-B-2020', 1009),
(53, 'CENPRI-B-2020', 1010),
(54, 'CENPRI-B-2020', 1011);

-- --------------------------------------------------------

--
-- Table structure for table `borrow_details`
--

CREATE TABLE IF NOT EXISTS `borrow_details` (
`bd_id` int(11) NOT NULL,
  `bh_id` int(11) NOT NULL DEFAULT '0',
  `et_id` int(11) NOT NULL DEFAULT '0',
  `ed_id` int(11) NOT NULL DEFAULT '0',
  `qty` int(11) NOT NULL DEFAULT '0',
  `returned` int(11) NOT NULL DEFAULT '0',
  `returned_date` varchar(20) DEFAULT NULL,
  `returned_by` int(11) NOT NULL DEFAULT '0',
  `return_qty` decimal(10,2) NOT NULL DEFAULT '0.00'
) ENGINE=InnoDB AUTO_INCREMENT=491 DEFAULT CHARSET=latin1;

--
-- Dumping data for table `borrow_details`
--

INSERT INTO `borrow_details` (`bd_id`, `bh_id`, `et_id`, `ed_id`, `qty`, `returned`, `returned_date`, `returned_by`, `return_qty`) VALUES
(1, 1, 141, 140, 1, 1, '2020-01-16 14:44:07', 151, '1.00'),
(2, 3, 174, 172, 1, 1, '2020-01-09 11:49:25', 33, '1.00'),
(3, 4, 174, 172, 1, 1, '2020-01-09 11:49:25', 33, '1.00'),
(4, 4, 155, 154, 1, 1, '2020-01-09 11:48:04', 133, '1.00'),
(5, 5, 174, 172, 1, 1, '2020-01-09 11:49:25', 33, '1.00'),
(6, 5, 155, 154, 1, 1, '2020-01-09 11:48:04', 133, '1.00'),
(7, 6, 174, 172, 1, 1, '2020-01-09 11:49:25', 33, '1.00'),
(8, 6, 155, 154, 1, 1, '2020-01-09 11:48:04', 133, '1.00'),
(9, 7, 174, 172, 1, 1, '2020-01-09 11:49:25', 33, '1.00'),
(10, 7, 155, 154, 1, 1, '2020-01-09 11:48:04', 133, '1.00'),
(11, 8, 174, 172, 1, 1, '2020-01-09 11:49:25', 33, '1.00'),
(12, 8, 155, 154, 1, 1, '2020-01-09 11:48:04', 133, '1.00'),
(13, 9, 174, 172, 1, 1, '2020-01-09 11:49:25', 33, '1.00'),
(14, 9, 155, 154, 1, 1, '2020-01-09 11:48:04', 133, '1.00'),
(15, 9, 174, 172, 1, 1, '2020-01-09 11:49:25', 33, '1.00'),
(16, 9, 155, 154, 1, 1, '2020-01-09 11:48:04', 133, '1.00'),
(17, 10, 174, 172, 1, 1, '2020-01-09 11:49:25', 33, '1.00'),
(18, 10, 155, 154, 1, 1, '2020-01-09 11:48:04', 133, '1.00'),
(19, 11, 174, 172, 1, 1, '2020-01-09 11:49:25', 33, '1.00'),
(20, 12, 174, 172, 1, 1, '2020-01-09 11:49:25', 33, '1.00'),
(21, 13, 174, 172, 1, 1, '2020-01-09 11:49:25', 33, '1.00'),
(22, 14, 174, 172, 1, 1, '2020-01-09 11:49:25', 33, '1.00'),
(23, 14, 155, 154, 1, 1, '2020-01-09 11:48:04', 133, '1.00'),
(24, 15, 174, 172, 1, 1, '2020-01-09 11:49:25', 33, '1.00'),
(25, 15, 155, 154, 1, 1, '2020-01-09 11:48:04', 133, '1.00'),
(26, 16, 174, 172, 1, 1, '2020-01-09 11:49:25', 33, '1.00'),
(27, 16, 155, 154, 1, 1, '2020-01-09 11:48:04', 133, '1.00'),
(28, 17, 174, 172, 1, 1, '2020-01-09 11:49:25', 33, '1.00'),
(29, 17, 155, 154, 1, 1, '2020-01-09 11:48:04', 133, '1.00'),
(30, 18, 174, 172, 1, 1, '2020-01-09 11:49:25', 33, '1.00'),
(31, 18, 155, 154, 1, 1, '2020-01-09 11:48:04', 133, '1.00'),
(32, 19, 174, 172, 1, 1, '2020-01-09 11:49:25', 33, '1.00'),
(33, 19, 155, 154, 1, 1, '2020-01-09 11:48:04', 133, '1.00'),
(34, 20, 141, 140, 1, 1, '2020-01-16 14:44:07', 151, '1.00'),
(35, 21, 174, 172, 1, 1, '2020-01-09 11:49:25', 33, '1.00'),
(36, 21, 155, 154, 1, 1, '2020-01-09 11:48:04', 133, '1.00'),
(37, 22, 174, 172, 1, 1, '2020-01-09 11:49:25', 33, '1.00'),
(38, 22, 155, 154, 1, 1, '2020-01-09 11:48:04', 133, '1.00'),
(39, 23, 174, 172, 1, 1, '2020-01-09 11:49:25', 33, '1.00'),
(40, 23, 155, 154, 1, 1, '2020-01-09 11:48:04', 133, '1.00'),
(41, 24, 174, 172, 1, 1, '2020-01-09 11:49:25', 33, '1.00'),
(42, 25, 174, 172, 1, 1, '2020-01-09 11:49:25', 33, '1.00'),
(43, 25, 155, 154, 1, 1, '2020-01-09 11:48:04', 133, '1.00'),
(44, 26, 141, 140, 1, 1, '2020-01-16 14:44:07', 151, '1.00'),
(45, 26, 155, 154, 1, 1, '2020-01-09 11:48:04', 133, '1.00'),
(46, 27, 174, 172, 1, 1, '2020-01-09 11:49:25', 33, '1.00'),
(47, 27, 155, 154, 1, 1, '2020-01-09 11:48:04', 133, '1.00'),
(48, 28, 174, 172, 1, 1, '2020-01-09 11:49:25', 33, '1.00'),
(49, 28, 155, 154, 1, 1, '2020-01-09 11:48:04', 133, '1.00'),
(50, 28, 148, 147, 1, 1, '2019-07-08 15:46:16', 137, '1.00'),
(51, 29, 174, 172, 1, 1, '2020-01-09 11:49:25', 33, '1.00'),
(52, 29, 155, 154, 1, 1, '2020-01-09 11:48:04', 133, '1.00'),
(53, 29, 148, 147, 1, 1, '2019-07-08 15:46:16', 137, '1.00'),
(54, 30, 174, 172, 1, 1, '2020-01-09 11:49:25', 33, '1.00'),
(55, 30, 155, 154, 1, 1, '2020-01-09 11:48:04', 133, '1.00'),
(56, 31, 174, 172, 1, 1, '2020-01-09 11:49:25', 33, '1.00'),
(57, 31, 155, 154, 1, 1, '2020-01-09 11:48:04', 133, '1.00'),
(58, 32, 174, 172, 1, 1, '2020-01-09 11:49:25', 33, '1.00'),
(59, 32, 155, 154, 1, 1, '2020-01-09 11:48:04', 133, '1.00'),
(60, 33, 141, 140, 1, 1, '2020-01-16 14:44:07', 151, '1.00'),
(61, 33, 169, 168, 1, 1, '2020-01-16 14:44:08', 151, '1.00'),
(62, 34, 174, 172, 1, 1, '2020-01-09 11:49:25', 33, '1.00'),
(63, 34, 155, 154, 1, 1, '2020-01-09 11:48:04', 133, '1.00'),
(64, 35, 174, 172, 1, 1, '2020-01-09 11:49:25', 33, '1.00'),
(65, 35, 155, 154, 1, 1, '2020-01-09 11:48:04', 133, '1.00'),
(66, 36, 174, 172, 1, 1, '2020-01-09 11:49:25', 33, '1.00'),
(67, 36, 155, 154, 1, 1, '2020-01-09 11:48:04', 133, '1.00'),
(68, 37, 174, 172, 1, 1, '2020-01-09 11:49:25', 33, '1.00'),
(69, 37, 155, 154, 1, 1, '2020-01-09 11:48:04', 133, '1.00'),
(70, 38, 174, 172, 1, 1, '2020-01-09 11:49:25', 33, '1.00'),
(71, 38, 155, 154, 1, 1, '2020-01-09 11:48:04', 133, '1.00'),
(72, 39, 262, 264, 1, 1, '2019-05-06 11:14:12', 133, '1.00'),
(75, 40, 174, 172, 1, 1, '2020-01-09 11:49:25', 33, '1.00'),
(77, 40, 155, 154, 1, 1, '2020-01-09 11:48:04', 133, '1.00'),
(78, 41, 174, 172, 1, 1, '2020-01-09 11:49:25', 33, '1.00'),
(79, 41, 155, 154, 1, 1, '2020-01-09 11:48:04', 133, '1.00'),
(80, 42, 174, 172, 1, 1, '2020-01-09 11:49:25', 33, '1.00'),
(81, 42, 155, 154, 1, 1, '2020-01-09 11:48:04', 133, '1.00'),
(82, 43, 174, 172, 1, 1, '2020-01-09 11:49:25', 33, '1.00'),
(83, 43, 155, 154, 1, 1, '2020-01-09 11:48:04', 133, '1.00'),
(84, 44, 174, 172, 1, 1, '2020-01-09 11:49:25', 33, '1.00'),
(85, 44, 155, 154, 1, 1, '2020-01-09 11:48:04', 133, '1.00'),
(86, 45, 174, 172, 1, 1, '2020-01-09 11:49:25', 33, '1.00'),
(87, 45, 174, 172, 1, 1, '2020-01-09 11:49:25', 33, '1.00'),
(88, 45, 155, 154, 1, 1, '2020-01-09 11:48:04', 133, '1.00'),
(89, 46, 174, 172, 1, 1, '2020-01-09 11:49:25', 33, '1.00'),
(90, 46, 155, 154, 1, 1, '2020-01-09 11:48:04', 133, '1.00'),
(91, 47, 174, 172, 1, 1, '2020-01-09 11:49:25', 33, '1.00'),
(92, 47, 155, 154, 1, 1, '2020-01-09 11:48:04', 133, '1.00'),
(93, 48, 174, 172, 1, 1, '2020-01-09 11:49:25', 33, '1.00'),
(94, 48, 155, 154, 1, 1, '2020-01-09 11:48:04', 133, '1.00'),
(95, 49, 174, 172, 1, 1, '2020-01-09 11:49:25', 33, '1.00'),
(96, 49, 155, 154, 1, 1, '2020-01-09 11:48:04', 133, '1.00'),
(97, 50, 174, 172, 1, 1, '2020-01-09 11:49:25', 33, '1.00'),
(98, 50, 155, 154, 1, 1, '2020-01-09 11:48:04', 133, '1.00'),
(99, 51, 174, 172, 1, 1, '2020-01-09 11:49:25', 33, '1.00'),
(100, 51, 155, 154, 1, 1, '2020-01-09 11:48:04', 133, '1.00'),
(101, 52, 174, 172, 1, 1, '2020-01-09 11:49:25', 33, '1.00'),
(102, 52, 155, 154, 1, 1, '2020-01-09 11:48:04', 133, '1.00'),
(103, 53, 174, 172, 1, 1, '2020-01-09 11:49:25', 33, '1.00'),
(104, 53, 155, 154, 1, 1, '2020-01-09 11:48:04', 133, '1.00'),
(105, 53, 264, 266, 1, 1, '2020-01-09 11:49:33', 33, '1.00'),
(106, 54, 174, 172, 1, 1, '2020-01-09 11:49:25', 33, '1.00'),
(107, 54, 155, 154, 1, 1, '2020-01-09 11:48:04', 133, '1.00'),
(108, 54, 264, 266, 1, 1, '2020-01-09 11:49:33', 33, '1.00'),
(109, 55, 264, 266, 1, 1, '2020-01-09 11:49:33', 33, '1.00'),
(110, 55, 155, 154, 1, 1, '2020-01-09 11:48:04', 133, '1.00'),
(111, 55, 174, 172, 1, 1, '2020-01-09 11:49:25', 33, '1.00'),
(112, 56, 264, 266, 1, 1, '2020-01-09 11:49:33', 33, '1.00'),
(113, 56, 174, 172, 1, 1, '2020-01-09 11:49:25', 33, '1.00'),
(114, 56, 155, 154, 1, 1, '2020-01-09 11:48:04', 133, '1.00'),
(115, 57, 174, 172, 1, 1, '2020-01-09 11:49:25', 33, '1.00'),
(116, 57, 155, 154, 1, 1, '2020-01-09 11:48:04', 133, '1.00'),
(117, 57, 264, 266, 1, 1, '2020-01-09 11:49:33', 33, '1.00'),
(118, 58, 174, 172, 1, 1, '2020-01-09 11:49:25', 33, '1.00'),
(119, 58, 155, 154, 1, 1, '2020-01-09 11:48:04', 133, '1.00'),
(120, 58, 264, 266, 1, 1, '2020-01-09 11:49:33', 33, '1.00'),
(121, 59, 174, 172, 1, 1, '2020-01-09 11:49:25', 33, '1.00'),
(122, 59, 155, 154, 1, 1, '2020-01-09 11:48:04', 133, '1.00'),
(123, 59, 264, 266, 1, 1, '2020-01-09 11:49:33', 33, '1.00'),
(124, 60, 174, 172, 1, 1, '2020-01-09 11:49:25', 33, '1.00'),
(125, 60, 155, 154, 1, 1, '2020-01-09 11:48:04', 133, '1.00'),
(126, 60, 264, 266, 1, 1, '2020-01-09 11:49:33', 33, '1.00'),
(127, 61, 174, 172, 1, 1, '2020-01-09 11:49:25', 33, '1.00'),
(128, 61, 264, 266, 1, 1, '2020-01-09 11:49:33', 33, '1.00'),
(129, 61, 155, 154, 1, 1, '2020-01-09 11:48:04', 133, '1.00'),
(130, 62, 174, 172, 1, 1, '2020-01-09 11:49:25', 33, '1.00'),
(131, 62, 155, 154, 1, 1, '2020-01-09 11:48:04', 133, '1.00'),
(132, 62, 264, 266, 1, 1, '2020-01-09 11:49:33', 33, '1.00'),
(133, 63, 174, 172, 1, 1, '2020-01-09 11:49:25', 33, '1.00'),
(134, 63, 155, 154, 1, 1, '2020-01-09 11:48:04', 133, '1.00'),
(135, 63, 264, 266, 1, 1, '2020-01-09 11:49:33', 33, '1.00'),
(136, 64, 107, 107, 1, 0, NULL, 0, '0.00'),
(137, 65, 174, 172, 1, 1, '2020-01-09 11:49:25', 33, '1.00'),
(138, 65, 264, 266, 1, 1, '2020-01-09 11:49:33', 33, '1.00'),
(139, 65, 155, 154, 1, 1, '2020-01-09 11:48:04', 133, '1.00'),
(140, 67, 269, 271, 1, 1, '2019-08-06 13:17:32', 18, '1.00'),
(141, 67, 270, 272, 1, 1, '2019-06-20 13:39:04', 18, '1.00'),
(142, 68, 15, 16, 1, 1, '2019-08-30 16:58:20', 35, '1.00'),
(143, 69, 174, 172, 1, 1, '2020-01-09 11:49:25', 33, '1.00'),
(144, 69, 155, 154, 1, 1, '2020-01-09 11:48:04', 133, '1.00'),
(145, 69, 264, 266, 1, 1, '2020-01-09 11:49:33', 33, '1.00'),
(146, 70, 174, 172, 1, 1, '2020-01-09 11:49:25', 33, '1.00'),
(147, 70, 155, 154, 1, 1, '2020-01-09 11:48:04', 133, '1.00'),
(148, 70, 264, 266, 1, 1, '2020-01-09 11:49:33', 33, '1.00'),
(149, 71, 174, 172, 1, 1, '2020-01-09 11:49:25', 33, '1.00'),
(150, 71, 155, 154, 1, 1, '2020-01-09 11:48:04', 133, '1.00'),
(151, 71, 264, 266, 1, 1, '2020-01-09 11:49:33', 33, '1.00'),
(152, 72, 174, 172, 1, 1, '2020-01-09 11:49:25', 33, '1.00'),
(153, 72, 155, 154, 1, 1, '2020-01-09 11:48:04', 133, '1.00'),
(154, 72, 264, 266, 1, 1, '2020-01-09 11:49:33', 33, '1.00'),
(155, 73, 174, 172, 1, 1, '2020-01-09 11:49:25', 33, '1.00'),
(156, 73, 155, 154, 1, 1, '2020-01-09 11:48:04', 133, '1.00'),
(157, 73, 170, 169, 1, 1, '2019-07-01 14:38:20', 24, '1.00'),
(158, 74, 264, 266, 1, 1, '2020-01-09 11:49:33', 33, '1.00'),
(159, 74, 155, 154, 1, 1, '2020-01-09 11:48:04', 133, '1.00'),
(160, 74, 174, 172, 1, 1, '2020-01-09 11:49:25', 33, '1.00'),
(161, 75, 264, 266, 1, 1, '2020-01-09 11:49:33', 33, '1.00'),
(162, 75, 155, 154, 1, 1, '2020-01-09 11:48:04', 133, '1.00'),
(163, 75, 174, 172, 1, 1, '2020-01-09 11:49:25', 33, '1.00'),
(164, 76, 174, 172, 1, 1, '2020-01-09 11:49:25', 33, '1.00'),
(165, 76, 155, 154, 1, 1, '2020-01-09 11:48:04', 133, '1.00'),
(166, 76, 264, 266, 1, 1, '2020-01-09 11:49:33', 33, '1.00'),
(167, 78, 174, 172, 1, 1, '2020-01-09 11:49:25', 33, '1.00'),
(168, 78, 155, 154, 1, 1, '2020-01-09 11:48:04', 133, '1.00'),
(169, 78, 264, 266, 1, 1, '2020-01-09 11:49:33', 33, '1.00'),
(170, 79, 148, 147, 1, 1, '2019-07-08 15:46:16', 137, '1.00'),
(171, 80, 174, 172, 1, 1, '2020-01-09 11:49:25', 33, '1.00'),
(172, 80, 264, 266, 1, 1, '2020-01-09 11:49:33', 33, '1.00'),
(173, 80, 155, 154, 1, 1, '2020-01-09 11:48:04', 133, '1.00'),
(174, 81, 174, 172, 1, 1, '2020-01-09 11:49:25', 33, '1.00'),
(175, 81, 155, 154, 1, 1, '2020-01-09 11:48:04', 133, '1.00'),
(176, 81, 264, 266, 1, 1, '2020-01-09 11:49:33', 33, '1.00'),
(177, 84, 174, 172, 1, 1, '2020-01-09 11:49:25', 33, '1.00'),
(178, 84, 155, 154, 1, 1, '2020-01-09 11:48:04', 133, '1.00'),
(179, 84, 264, 266, 1, 1, '2020-01-09 11:49:33', 33, '1.00'),
(180, 85, 174, 172, 1, 1, '2020-01-09 11:49:25', 33, '1.00'),
(181, 85, 155, 154, 1, 1, '2020-01-09 11:48:04', 133, '1.00'),
(182, 85, 264, 266, 1, 1, '2020-01-09 11:49:33', 33, '1.00'),
(183, 86, 174, 172, 1, 1, '2020-01-09 11:49:25', 33, '1.00'),
(184, 86, 264, 266, 1, 1, '2020-01-09 11:49:33', 33, '1.00'),
(185, 86, 155, 154, 1, 1, '2020-01-09 11:48:04', 133, '1.00'),
(186, 83, 234, 231, 1, 1, '2019-08-30 16:53:26', 17, '1.00'),
(187, 87, 274, 275, 1, 1, '2019-11-21 10:03:34', 34, '1.00'),
(188, 88, 174, 172, 1, 1, '2020-01-09 11:49:25', 33, '1.00'),
(189, 88, 264, 266, 1, 1, '2020-01-09 11:49:33', 33, '1.00'),
(190, 88, 155, 154, 1, 1, '2020-01-09 11:48:04', 133, '1.00'),
(191, 89, 174, 172, 1, 1, '2020-01-09 11:49:25', 33, '1.00'),
(192, 89, 264, 266, 1, 1, '2020-01-09 11:49:33', 33, '1.00'),
(193, 89, 155, 154, 1, 1, '2020-01-09 11:48:04', 133, '1.00'),
(194, 90, 174, 172, 1, 1, '2020-01-09 11:49:25', 33, '1.00'),
(195, 90, 155, 154, 1, 1, '2020-01-09 11:48:04', 133, '1.00'),
(196, 90, 264, 266, 1, 1, '2020-01-09 11:49:33', 33, '1.00'),
(197, 91, 68, 69, 1, 1, '2019-08-30 16:54:42', 27, '1.00'),
(198, 92, 68, 69, 1, 1, '2019-08-30 16:54:42', 27, '1.00'),
(199, 93, 68, 69, 1, 1, '2019-08-30 16:54:42', 27, '1.00'),
(200, 93, 15, 16, 1, 1, '2019-08-30 16:58:20', 35, '1.00'),
(201, 94, 15, 16, 1, 1, '2019-08-30 16:58:20', 35, '1.00'),
(202, 95, 283, 284, 1, 1, '2019-11-21 09:37:46', 147, '1.00'),
(203, 96, 174, 172, 1, 1, '2020-01-09 11:49:25', 33, '1.00'),
(204, 96, 68, 69, 1, 1, '2019-08-30 16:54:42', 27, '1.00'),
(205, 96, 264, 266, 1, 1, '2020-01-09 11:49:33', 33, '1.00'),
(206, 97, 174, 172, 1, 1, '2020-01-09 11:49:25', 33, '1.00'),
(207, 97, 68, 69, 1, 1, '2019-08-30 16:54:42', 27, '1.00'),
(208, 97, 264, 266, 1, 1, '2020-01-09 11:49:33', 33, '1.00'),
(209, 98, 174, 172, 1, 1, '2020-01-09 11:49:25', 33, '1.00'),
(210, 98, 68, 69, 1, 1, '2019-08-30 16:54:42', 27, '1.00'),
(211, 98, 264, 266, 1, 1, '2020-01-09 11:49:33', 33, '1.00'),
(212, 99, 174, 172, 1, 1, '2020-01-09 11:49:25', 33, '1.00'),
(213, 99, 264, 266, 1, 1, '2020-01-09 11:49:33', 33, '1.00'),
(214, 99, 68, 69, 1, 1, '2019-08-30 16:54:42', 27, '1.00'),
(215, 100, 174, 172, 1, 1, '2020-01-09 11:49:25', 33, '1.00'),
(216, 100, 264, 266, 1, 1, '2020-01-09 11:49:33', 33, '1.00'),
(217, 100, 68, 69, 1, 1, '2019-08-30 16:54:42', 27, '1.00'),
(218, 101, 269, 271, 1, 1, '2019-08-06 13:17:32', 18, '1.00'),
(219, 101, 73, 73, 1, 1, '2019-08-06 13:17:32', 18, '1.00'),
(220, 102, 174, 172, 1, 1, '2020-01-09 11:49:25', 33, '1.00'),
(221, 102, 68, 69, 1, 1, '2019-08-30 16:54:42', 27, '1.00'),
(222, 102, 71, 72, 1, 1, '2019-08-06 16:02:48', 24, '1.00'),
(223, 103, 174, 172, 1, 1, '2020-01-09 11:49:25', 33, '1.00'),
(224, 103, 68, 69, 1, 1, '2019-08-30 16:54:42', 27, '1.00'),
(225, 103, 71, 72, 1, 1, '2019-08-06 16:02:48', 24, '1.00'),
(226, 105, 174, 172, 1, 1, '2020-01-09 11:49:25', 33, '1.00'),
(227, 105, 68, 69, 1, 1, '2019-08-30 16:54:42', 27, '1.00'),
(228, 105, 71, 72, 1, 1, '2019-08-06 16:02:48', 24, '1.00'),
(229, 106, 264, 266, 1, 1, '2020-01-09 11:49:33', 33, '1.00'),
(230, 107, 174, 172, 1, 1, '2020-01-09 11:49:25', 33, '1.00'),
(231, 107, 68, 69, 1, 1, '2019-08-30 16:54:42', 27, '1.00'),
(232, 108, 174, 172, 1, 1, '2020-01-09 11:49:25', 33, '1.00'),
(233, 108, 264, 266, 1, 1, '2020-01-09 11:49:33', 33, '1.00'),
(234, 108, 68, 69, 1, 1, '2019-08-30 16:54:42', 27, '1.00'),
(235, 109, 174, 172, 1, 1, '2020-01-09 11:49:25', 33, '1.00'),
(236, 109, 68, 69, 1, 1, '2019-08-30 16:54:42', 27, '1.00'),
(237, 109, 264, 266, 1, 1, '2020-01-09 11:49:33', 33, '1.00'),
(238, 110, 174, 172, 1, 1, '2020-01-09 11:49:25', 33, '1.00'),
(239, 110, 264, 266, 1, 1, '2020-01-09 11:49:33', 33, '1.00'),
(240, 111, 264, 266, 1, 1, '2020-01-09 11:49:33', 33, '1.00'),
(241, 112, 174, 172, 1, 1, '2020-01-09 11:49:25', 33, '1.00'),
(242, 112, 264, 266, 1, 1, '2020-01-09 11:49:33', 33, '1.00'),
(243, 112, 68, 69, 1, 1, '2019-08-30 16:54:42', 27, '1.00'),
(244, 114, 174, 172, 1, 1, '2020-01-09 11:49:25', 33, '1.00'),
(245, 114, 68, 69, 1, 1, '2019-08-30 16:54:42', 27, '1.00'),
(246, 114, 264, 266, 1, 1, '2020-01-09 11:49:33', 33, '1.00'),
(247, 115, 174, 172, 1, 1, '2020-01-09 11:49:25', 33, '1.00'),
(248, 115, 68, 69, 1, 1, '2019-08-30 16:54:42', 27, '1.00'),
(249, 115, 284, 285, 1, 1, '2019-08-08 10:19:49', 13, '1.00'),
(250, 115, 286, 287, 1, 1, '2019-08-08 10:19:50', 13, '1.00'),
(251, 116, 174, 172, 1, 1, '2020-01-09 11:49:25', 33, '1.00'),
(252, 116, 68, 69, 1, 1, '2019-08-30 16:54:42', 27, '1.00'),
(253, 117, 235, 232, 1, 1, '2019-08-30 16:53:27', 17, '1.00'),
(254, 117, 281, 282, 1, 1, '2019-08-09 14:02:23', 17, '1.00'),
(255, 118, 174, 172, 1, 1, '2020-01-09 11:49:25', 33, '1.00'),
(256, 119, 174, 172, 1, 1, '2020-01-09 11:49:25', 33, '1.00'),
(257, 119, 68, 69, 1, 1, '2019-08-30 16:54:42', 27, '1.00'),
(258, 120, 174, 172, 1, 1, '2020-01-09 11:49:25', 33, '1.00'),
(259, 120, 68, 69, 1, 1, '2019-08-30 16:54:42', 27, '1.00'),
(260, 121, 174, 172, 1, 1, '2020-01-09 11:49:25', 33, '1.00'),
(261, 121, 68, 69, 1, 1, '2019-08-30 16:54:42', 27, '1.00'),
(262, 122, 174, 172, 1, 1, '2020-01-09 11:49:25', 33, '1.00'),
(263, 122, 68, 69, 1, 1, '2019-08-30 16:54:42', 27, '1.00'),
(264, 123, 174, 172, 1, 1, '2020-01-09 11:49:25', 33, '1.00'),
(265, 123, 68, 69, 1, 1, '2019-08-30 16:54:42', 27, '1.00'),
(266, 124, 174, 172, 1, 1, '2020-01-09 11:49:25', 33, '1.00'),
(267, 124, 68, 69, 1, 1, '2019-08-30 16:54:42', 27, '1.00'),
(268, 125, 174, 172, 1, 1, '2020-01-09 11:49:25', 33, '1.00'),
(269, 125, 68, 69, 1, 1, '2019-08-30 16:54:42', 27, '1.00'),
(270, 126, 174, 172, 1, 1, '2020-01-09 11:49:25', 33, '1.00'),
(271, 126, 68, 69, 1, 1, '2019-08-30 16:54:42', 27, '1.00'),
(272, 127, 234, 231, 1, 1, '2019-08-30 16:53:26', 17, '1.00'),
(273, 127, 235, 232, 1, 1, '2019-08-30 16:53:27', 17, '1.00'),
(274, 127, 155, 154, 1, 1, '2020-01-09 11:48:04', 133, '1.00'),
(275, 128, 234, 231, 1, 1, '2019-08-30 16:53:26', 17, '1.00'),
(276, 128, 235, 232, 1, 1, '2019-08-30 16:53:27', 17, '1.00'),
(277, 128, 68, 69, 1, 1, '2019-08-30 16:54:42', 27, '1.00'),
(278, 129, 174, 172, 1, 1, '2020-01-09 11:49:25', 33, '1.00'),
(279, 129, 68, 69, 1, 1, '2019-08-30 16:54:42', 27, '1.00'),
(280, 130, 293, 295, 1, 1, '2020-01-31 14:16:44', 2, '1.00'),
(281, 131, 15, 16, 1, 1, '2019-08-30 16:58:20', 35, '1.00'),
(282, 132, 174, 172, 1, 1, '2020-01-09 11:49:25', 33, '1.00'),
(283, 132, 70, 70, 1, 1, '2020-01-09 11:49:32', 33, '1.00'),
(284, 133, 174, 172, 1, 1, '2020-01-09 11:49:25', 33, '1.00'),
(285, 133, 70, 70, 1, 1, '2020-01-09 11:49:32', 33, '1.00'),
(286, 134, 70, 70, 1, 1, '2020-01-09 11:49:32', 33, '1.00'),
(287, 134, 174, 172, 1, 1, '2020-01-09 11:49:25', 33, '1.00'),
(288, 136, 174, 172, 1, 1, '2020-01-09 11:49:25', 33, '1.00'),
(289, 136, 70, 70, 1, 1, '2020-01-09 11:49:32', 33, '1.00'),
(290, 137, 174, 172, 1, 1, '2020-01-09 11:49:25', 33, '1.00'),
(291, 137, 70, 70, 1, 1, '2020-01-09 11:49:32', 33, '1.00'),
(292, 138, 174, 172, 1, 1, '2020-01-09 11:49:25', 33, '1.00'),
(293, 138, 70, 70, 1, 1, '2020-01-09 11:49:32', 33, '1.00'),
(294, 139, 174, 172, 1, 1, '2020-01-09 11:49:25', 33, '1.00'),
(295, 139, 70, 70, 1, 1, '2020-01-09 11:49:32', 33, '1.00'),
(296, 140, 174, 172, 1, 1, '2020-01-09 11:49:25', 33, '1.00'),
(297, 140, 70, 70, 1, 1, '2020-01-09 11:49:32', 33, '1.00'),
(298, 141, 174, 172, 1, 1, '2020-01-09 11:49:25', 33, '1.00'),
(299, 141, 70, 70, 1, 1, '2020-01-09 11:49:32', 33, '1.00'),
(300, 142, 174, 172, 1, 1, '2020-01-09 11:49:25', 33, '1.00'),
(301, 142, 70, 70, 1, 1, '2020-01-09 11:49:32', 33, '1.00'),
(302, 143, 174, 172, 1, 1, '2020-01-09 11:49:25', 33, '1.00'),
(303, 143, 70, 70, 1, 1, '2020-01-09 11:49:32', 33, '1.00'),
(304, 144, 174, 172, 1, 1, '2020-01-09 11:49:25', 33, '1.00'),
(305, 144, 70, 70, 1, 1, '2020-01-09 11:49:32', 33, '1.00'),
(306, 145, 174, 172, 1, 1, '2020-01-09 11:49:25', 33, '1.00'),
(307, 145, 70, 70, 1, 1, '2020-01-09 11:49:32', 33, '1.00'),
(308, 146, 174, 172, 1, 1, '2020-01-09 11:49:25', 33, '1.00'),
(309, 146, 70, 70, 1, 1, '2020-01-09 11:49:32', 33, '1.00'),
(310, 147, 174, 172, 1, 1, '2020-01-09 11:49:25', 33, '1.00'),
(311, 147, 70, 70, 1, 1, '2020-01-09 11:49:32', 33, '1.00'),
(312, 148, 174, 172, 1, 1, '2020-01-09 11:49:25', 33, '1.00'),
(313, 148, 70, 70, 1, 1, '2020-01-09 11:49:32', 33, '1.00'),
(314, 150, 174, 172, 1, 1, '2020-01-09 11:49:25', 33, '1.00'),
(315, 150, 70, 70, 1, 1, '2020-01-09 11:49:32', 33, '1.00'),
(316, 150, 264, 266, 1, 1, '2020-01-09 11:49:33', 33, '1.00'),
(317, 151, 283, 284, 1, 1, '2019-11-21 09:37:46', 147, '1.00'),
(318, 152, 174, 172, 1, 1, '2020-01-09 11:49:25', 33, '1.00'),
(319, 153, 174, 172, 1, 1, '2020-01-09 11:49:25', 33, '1.00'),
(320, 153, 70, 70, 1, 1, '2020-01-09 11:49:32', 33, '1.00'),
(321, 154, 174, 172, 1, 1, '2020-01-09 11:49:25', 33, '1.00'),
(322, 154, 70, 70, 1, 1, '2020-01-09 11:49:32', 33, '1.00'),
(323, 155, 174, 172, 1, 1, '2020-01-09 11:49:25', 33, '1.00'),
(324, 155, 264, 266, 1, 1, '2020-01-09 11:49:33', 33, '1.00'),
(325, 155, 70, 70, 1, 1, '2020-01-09 11:49:32', 33, '1.00'),
(326, 156, 274, 275, 1, 1, '2019-11-21 10:03:34', 34, '1.00'),
(327, 157, 174, 172, 1, 1, '2020-01-09 11:49:25', 33, '1.00'),
(328, 157, 70, 70, 1, 1, '2020-01-09 11:49:32', 33, '1.00'),
(329, 158, 174, 172, 1, 1, '2020-01-09 11:49:25', 33, '1.00'),
(330, 158, 70, 70, 1, 1, '2020-01-09 11:49:32', 33, '1.00'),
(331, 159, 174, 172, 1, 1, '2020-01-09 11:49:25', 33, '1.00'),
(332, 159, 70, 70, 1, 1, '2020-01-09 11:49:32', 33, '1.00'),
(333, 159, 264, 266, 1, 1, '2020-01-09 11:49:33', 33, '1.00'),
(334, 160, 174, 172, 1, 1, '2020-01-09 11:49:25', 33, '1.00'),
(335, 160, 70, 70, 1, 1, '2020-01-09 11:49:32', 33, '1.00'),
(336, 160, 264, 266, 1, 1, '2020-01-09 11:49:33', 33, '1.00'),
(337, 161, 174, 172, 1, 1, '2020-01-09 11:49:25', 33, '1.00'),
(338, 161, 70, 70, 1, 1, '2020-01-09 11:49:32', 33, '1.00'),
(339, 161, 264, 266, 1, 1, '2020-01-09 11:49:33', 33, '1.00'),
(340, 162, 174, 172, 1, 1, '2020-01-09 11:49:25', 33, '1.00'),
(341, 162, 155, 154, 1, 1, '2020-01-09 11:48:04', 133, '1.00'),
(342, 162, 264, 266, 1, 1, '2020-01-09 11:49:33', 33, '1.00'),
(343, 163, 174, 172, 1, 1, '2020-01-09 11:49:25', 33, '1.00'),
(344, 163, 155, 154, 1, 1, '2020-01-09 11:48:04', 133, '1.00'),
(345, 163, 264, 266, 1, 1, '2020-01-09 11:49:33', 33, '1.00'),
(346, 164, 174, 172, 1, 1, '2020-01-09 11:49:25', 33, '1.00'),
(347, 164, 155, 154, 1, 1, '2020-01-09 11:48:04', 133, '1.00'),
(348, 164, 264, 266, 1, 1, '2020-01-09 11:49:33', 33, '1.00'),
(349, 165, 174, 172, 1, 1, '2020-01-09 11:49:25', 33, '1.00'),
(350, 165, 155, 154, 1, 1, '2020-01-09 11:48:04', 133, '1.00'),
(351, 165, 264, 266, 1, 1, '2020-01-09 11:49:33', 33, '1.00'),
(352, 166, 174, 172, 1, 1, '2020-01-09 11:49:25', 33, '1.00'),
(353, 166, 155, 154, 1, 1, '2020-01-09 11:48:04', 133, '1.00'),
(354, 166, 264, 266, 1, 1, '2020-01-09 11:49:33', 33, '1.00'),
(355, 167, 174, 172, 1, 1, '2020-01-09 11:49:25', 33, '1.00'),
(356, 167, 155, 154, 1, 1, '2020-01-09 11:48:04', 133, '1.00'),
(357, 167, 264, 266, 1, 1, '2020-01-09 11:49:33', 33, '1.00'),
(358, 168, 174, 172, 1, 1, '2020-01-09 11:49:25', 33, '1.00'),
(359, 168, 155, 154, 1, 1, '2020-01-09 11:48:04', 133, '1.00'),
(360, 168, 264, 266, 1, 1, '2020-01-09 11:49:33', 33, '1.00'),
(361, 169, 174, 172, 1, 1, '2020-01-09 11:49:25', 33, '1.00'),
(362, 169, 155, 154, 1, 1, '2020-01-09 11:48:04', 133, '1.00'),
(363, 169, 264, 266, 1, 1, '2020-01-09 11:49:33', 33, '1.00'),
(364, 170, 174, 172, 1, 1, '2020-01-09 11:49:25', 33, '1.00'),
(365, 170, 155, 154, 1, 1, '2020-01-09 11:48:04', 133, '1.00'),
(366, 170, 264, 266, 1, 1, '2020-01-09 11:49:33', 33, '1.00'),
(367, 171, 174, 172, 1, 1, '2020-01-09 11:49:25', 33, '1.00'),
(368, 171, 155, 154, 1, 1, '2020-01-09 11:48:04', 133, '1.00'),
(369, 171, 264, 266, 1, 1, '2020-01-09 11:49:33', 33, '1.00'),
(370, 172, 174, 172, 1, 1, '2020-01-09 11:49:25', 33, '1.00'),
(371, 172, 264, 266, 1, 1, '2020-01-09 11:49:33', 33, '1.00'),
(372, 172, 155, 154, 1, 1, '2020-01-09 11:48:04', 133, '1.00'),
(373, 173, 174, 172, 1, 1, '2020-01-09 11:49:25', 33, '1.00'),
(374, 173, 155, 154, 1, 1, '2020-01-09 11:48:04', 133, '1.00'),
(375, 173, 264, 266, 1, 1, '2020-01-09 11:49:33', 33, '1.00'),
(376, 174, 174, 172, 1, 1, '2020-01-09 11:49:25', 33, '1.00'),
(377, 174, 155, 154, 1, 1, '2020-01-09 11:48:04', 133, '1.00'),
(378, 174, 264, 266, 1, 1, '2020-01-09 11:49:33', 33, '1.00'),
(379, 175, 174, 172, 1, 1, '2020-01-09 11:49:25', 33, '1.00'),
(380, 175, 155, 154, 1, 1, '2020-01-09 11:48:04', 133, '1.00'),
(381, 175, 264, 266, 1, 1, '2020-01-09 11:49:33', 33, '1.00'),
(382, 176, 174, 172, 1, 1, '2020-01-09 11:49:25', 33, '1.00'),
(383, 176, 264, 266, 1, 1, '2020-01-09 11:49:33', 33, '1.00'),
(384, 176, 155, 154, 1, 1, '2020-01-09 11:48:04', 133, '1.00'),
(385, 177, 174, 172, 1, 1, '2020-01-09 11:49:25', 33, '1.00'),
(386, 177, 264, 266, 1, 1, '2020-01-09 11:49:33', 33, '1.00'),
(387, 177, 155, 154, 1, 1, '2020-01-09 11:48:04', 133, '1.00'),
(388, 178, 174, 172, 1, 1, '2020-01-09 11:49:25', 33, '1.00'),
(389, 178, 264, 266, 1, 1, '2020-01-09 11:49:33', 33, '1.00'),
(390, 178, 155, 154, 1, 1, '2020-01-09 11:48:04', 133, '1.00'),
(391, 179, 174, 172, 1, 1, '2020-01-09 11:49:25', 33, '1.00'),
(392, 179, 155, 154, 1, 1, '2020-01-09 11:48:04', 133, '1.00'),
(393, 179, 264, 266, 1, 1, '2020-01-09 11:49:33', 33, '1.00'),
(394, 180, 174, 172, 1, 1, '2020-01-09 11:49:25', 33, '1.00'),
(395, 180, 155, 154, 1, 1, '2020-01-09 11:48:04', 133, '1.00'),
(396, 180, 264, 266, 1, 1, '2020-01-09 11:49:33', 33, '1.00'),
(397, 181, 174, 172, 1, 1, '2020-01-09 11:49:25', 33, '1.00'),
(398, 181, 155, 154, 1, 1, '2020-01-09 11:48:04', 133, '1.00'),
(399, 181, 264, 266, 1, 1, '2020-01-09 11:49:33', 33, '1.00'),
(400, 182, 174, 172, 1, 1, '2020-01-09 11:49:25', 33, '1.00'),
(401, 182, 155, 154, 1, 1, '2020-01-09 11:48:04', 133, '1.00'),
(402, 182, 264, 266, 1, 1, '2020-01-09 11:49:33', 33, '1.00'),
(403, 183, 174, 172, 1, 1, '2020-01-09 11:49:25', 33, '1.00'),
(404, 183, 155, 154, 1, 1, '2020-01-09 11:48:04', 133, '1.00'),
(405, 183, 264, 266, 1, 1, '2020-01-09 11:49:33', 33, '1.00'),
(406, 184, 174, 172, 1, 1, '2020-01-09 11:49:25', 33, '1.00'),
(407, 184, 155, 154, 1, 1, '2020-01-09 11:48:04', 133, '1.00'),
(408, 184, 264, 266, 1, 1, '2020-01-09 11:49:33', 33, '1.00'),
(409, 185, 174, 172, 1, 1, '2020-01-09 11:49:25', 33, '1.00'),
(410, 185, 155, 154, 1, 1, '2020-01-09 11:48:04', 133, '1.00'),
(411, 185, 264, 266, 1, 1, '2020-01-09 11:49:33', 33, '1.00'),
(412, 186, 174, 172, 1, 1, '2020-01-09 11:49:25', 33, '1.00'),
(413, 186, 155, 154, 1, 1, '2020-01-09 11:48:04', 133, '1.00'),
(414, 186, 264, 266, 1, 1, '2020-01-09 11:49:33', 33, '1.00'),
(415, 187, 174, 172, 1, 1, '2020-01-09 11:49:25', 33, '1.00'),
(416, 187, 155, 154, 1, 1, '2020-01-09 11:48:04', 133, '1.00'),
(417, 187, 264, 266, 1, 1, '2020-01-09 11:49:33', 33, '1.00'),
(418, 188, 174, 172, 1, 1, '2020-01-09 11:49:25', 33, '1.00'),
(419, 188, 155, 154, 1, 1, '2020-01-09 11:48:04', 133, '1.00'),
(420, 188, 264, 266, 1, 1, '2020-01-09 11:49:33', 33, '1.00'),
(421, 189, 174, 172, 1, 1, '2020-01-09 11:49:25', 33, '1.00'),
(422, 189, 155, 154, 1, 1, '2020-01-09 11:48:04', 133, '1.00'),
(423, 189, 264, 266, 1, 1, '2020-01-09 11:49:33', 33, '1.00'),
(424, 190, 174, 172, 1, 1, '2020-01-09 11:49:25', 33, '1.00'),
(425, 190, 155, 154, 1, 1, '2020-01-09 11:48:04', 133, '1.00'),
(426, 190, 264, 266, 1, 1, '2020-01-09 11:49:33', 33, '1.00'),
(427, 191, 174, 172, 1, 1, '2020-01-09 11:49:25', 33, '1.00'),
(428, 191, 155, 154, 1, 1, '2020-01-09 11:48:04', 133, '1.00'),
(429, 191, 264, 266, 1, 1, '2020-01-09 11:49:33', 33, '1.00'),
(430, 192, 306, 308, 1, 0, NULL, 0, '0.00'),
(431, 193, 308, 311, 1, 1, '2019-11-28 15:45:38', 13, '1.00'),
(432, 194, 308, 311, 1, 1, '2019-11-28 15:45:38', 13, '1.00'),
(433, 195, 174, 172, 1, 1, '2020-01-09 11:49:25', 33, '1.00'),
(434, 195, 70, 70, 1, 1, '2020-01-09 11:49:32', 33, '1.00'),
(435, 195, 264, 266, 1, 1, '2020-01-09 11:49:33', 33, '1.00'),
(436, 196, 174, 172, 1, 1, '2020-01-09 11:49:25', 33, '1.00'),
(437, 196, 70, 70, 1, 1, '2020-01-09 11:49:32', 33, '1.00'),
(438, 196, 264, 266, 1, 1, '2020-01-09 11:49:33', 33, '1.00'),
(439, 197, 174, 172, 1, 1, '2020-01-09 11:49:25', 33, '1.00'),
(440, 197, 70, 70, 1, 1, '2020-01-09 11:49:32', 33, '1.00'),
(441, 197, 264, 266, 1, 1, '2020-01-09 11:49:33', 33, '1.00'),
(442, 198, 174, 172, 1, 1, '2020-01-09 11:49:25', 33, '1.00'),
(443, 198, 70, 70, 1, 1, '2020-01-09 11:49:32', 33, '1.00'),
(444, 198, 264, 266, 1, 1, '2020-01-09 11:49:33', 33, '1.00'),
(445, 199, 174, 172, 1, 1, '2020-01-09 11:49:25', 33, '1.00'),
(446, 199, 70, 70, 1, 1, '2020-01-09 11:49:32', 33, '1.00'),
(447, 199, 264, 266, 1, 1, '2020-01-09 11:49:33', 33, '1.00'),
(448, 200, 174, 172, 1, 1, '2020-01-09 11:49:25', 33, '1.00'),
(449, 200, 70, 70, 1, 1, '2020-01-09 11:49:32', 33, '1.00'),
(450, 200, 264, 266, 1, 1, '2020-01-09 11:49:33', 33, '1.00'),
(451, 201, 174, 172, 1, 1, '2020-01-09 11:49:25', 33, '1.00'),
(452, 201, 264, 266, 1, 1, '2020-01-09 11:49:33', 33, '1.00'),
(453, 201, 70, 70, 1, 1, '2020-01-09 11:49:32', 33, '1.00'),
(454, 202, 174, 172, 1, 1, '2020-01-09 11:49:25', 33, '1.00'),
(455, 202, 70, 70, 1, 1, '2020-01-09 11:49:32', 33, '1.00'),
(456, 202, 264, 266, 1, 1, '2020-01-09 11:49:33', 33, '1.00'),
(457, 203, 174, 172, 1, 1, '2020-01-09 11:49:25', 33, '1.00'),
(458, 203, 70, 70, 1, 1, '2020-01-09 11:49:32', 33, '1.00'),
(459, 203, 264, 266, 1, 1, '2020-01-09 11:49:33', 33, '1.00'),
(460, 204, 139, 138, 1, 0, NULL, 0, '0.00'),
(461, 205, 174, 172, 1, 1, '2020-01-09 11:49:25', 33, '1.00'),
(462, 205, 70, 70, 1, 1, '2020-01-09 11:49:32', 33, '1.00'),
(463, 205, 264, 266, 1, 1, '2020-01-09 11:49:33', 33, '1.00'),
(464, 206, 141, 140, 1, 1, '2020-01-16 14:44:07', 151, '1.00'),
(465, 206, 169, 168, 1, 1, '2020-01-16 14:44:08', 151, '1.00'),
(466, 207, 174, 172, 1, 1, '2020-01-09 11:49:25', 33, '1.00'),
(467, 207, 70, 70, 1, 1, '2020-01-09 11:49:32', 33, '1.00'),
(468, 207, 264, 266, 1, 1, '2020-01-09 11:49:33', 33, '1.00'),
(469, 208, 195, 192, 1, 0, NULL, 0, '0.00'),
(470, 209, 174, 172, 1, 1, '2020-01-09 11:49:25', 33, '1.00'),
(471, 209, 70, 70, 1, 1, '2020-01-09 11:49:32', 33, '1.00'),
(472, 209, 264, 266, 1, 1, '2020-01-09 11:49:33', 33, '1.00'),
(473, 210, 174, 172, 1, 1, '2020-01-09 11:49:25', 33, '1.00'),
(474, 210, 70, 70, 1, 1, '2020-01-09 11:49:32', 33, '1.00'),
(475, 210, 264, 266, 1, 1, '2020-01-09 11:49:33', 33, '1.00'),
(476, 211, 174, 172, 1, 1, '2020-01-09 11:49:25', 33, '1.00'),
(477, 211, 70, 70, 1, 1, '2020-01-09 11:49:32', 33, '1.00'),
(478, 211, 264, 266, 1, 1, '2020-01-09 11:49:33', 33, '1.00'),
(479, 212, 174, 172, 1, 1, '2020-01-09 11:49:25', 33, '1.00'),
(480, 212, 70, 70, 1, 1, '2020-01-09 11:49:32', 33, '1.00'),
(481, 212, 264, 266, 1, 1, '2020-01-09 11:49:33', 33, '1.00'),
(482, 213, 174, 172, 1, 1, '2020-01-09 11:49:25', 33, '1.00'),
(483, 213, 70, 70, 1, 1, '2020-01-09 11:49:32', 33, '1.00'),
(484, 213, 264, 266, 1, 1, '2020-01-09 11:49:33', 33, '1.00'),
(485, 214, 174, 172, 1, 1, '2020-01-09 11:49:25', 33, '1.00'),
(486, 214, 155, 154, 1, 1, '2020-01-09 11:48:04', 133, '1.00'),
(487, 214, 264, 266, 1, 1, '2020-01-09 11:49:33', 33, '1.00'),
(488, 215, 174, 172, 1, 1, '2020-01-09 11:49:25', 33, '1.00'),
(489, 215, 70, 70, 1, 1, '2020-01-09 11:49:32', 33, '1.00'),
(490, 215, 264, 266, 1, 1, '2020-01-09 11:49:33', 33, '1.00');

-- --------------------------------------------------------

--
-- Table structure for table `borrow_head`
--

CREATE TABLE IF NOT EXISTS `borrow_head` (
`bh_id` int(11) NOT NULL,
  `borrowed_by` int(11) NOT NULL DEFAULT '0',
  `borrowed_date` varchar(20) DEFAULT NULL,
  `borrow_series` varchar(50) DEFAULT NULL,
  `user_id` int(11) DEFAULT '0',
  `create_date` varchar(50) DEFAULT NULL
) ENGINE=InnoDB AUTO_INCREMENT=216 DEFAULT CHARSET=latin1;

--
-- Dumping data for table `borrow_head`
--

INSERT INTO `borrow_head` (`bh_id`, `borrowed_by`, `borrowed_date`, `borrow_series`, `user_id`, `create_date`) VALUES
(1, 21, '2019-02-01', 'BS-2019-01-1001', 1, '2019-04-30 15:18:10'),
(3, 13, '2019-02-27', 'BCD-2019-02-1001', 1, '2019-04-30 15:51:47'),
(4, 29, '2019-03-01', 'BCD-2019-03-1002', 1, '2019-04-30 15:55:55'),
(5, 59, '2019-03-07', 'BS-2019-03-1003', 1, '2019-04-30 16:04:25'),
(6, 59, '2019-03-04', 'BS-2019-03-1004', 1, '2019-04-30 16:06:47'),
(7, 59, '2019-03-11', 'BS-2019-03-1005', 1, '2019-04-30 16:08:04'),
(8, 6, '2019-03-12', 'BCD-2019-03-1006', 1, '2019-04-30 16:09:43'),
(9, 6, '2019-03-14', 'BCD-2019-03-1007', 1, '2019-04-30 16:10:55'),
(10, 13, '2019-03-20', 'BCD-2019-03-1008', 1, '2019-04-30 16:12:54'),
(11, 6, '2019-03-21', 'BCD-2019-03-1009', 1, '2019-04-30 16:14:13'),
(12, 33, '2019-03-21', 'BCD-2019-03-1010', 1, '2019-04-30 16:14:59'),
(13, 36, '2019-03-22', 'BCD-2019-03-1011', 1, '2019-04-30 16:17:23'),
(14, 17, '2019-03-25', 'BCD-2019-03-1012', 1, '2019-04-30 16:18:49'),
(15, 29, '2019-03-24', 'BCD-2019-03-1013', 1, '2019-04-30 16:19:43'),
(16, 59, '2019-03-27', 'BS-2019-03-1014', 1, '2019-04-30 16:20:55'),
(17, 36, '2019-03-28', 'BCD-2019-03-1015', 1, '2019-04-30 16:21:46'),
(18, 17, '2019-03-28', 'BCD-2019-03-1016', 1, '2019-04-30 16:22:52'),
(19, 17, '2019-03-29', 'BCD-2019-03-1017', 1, '2019-04-30 16:25:20'),
(20, 59, '2019-03-29', 'BS-2019-03-1018', 1, '2019-04-30 16:26:21'),
(21, 36, '2019-03-29', 'BCD-2019-03-1019', 1, '2019-04-30 16:27:50'),
(22, 59, '2019-03-29', 'BS-2019-03-1020', 1, '2019-04-30 16:28:48'),
(23, 59, '2019-04-01', 'BS-2019-04-1001', 1, '2019-04-30 16:30:10'),
(24, 29, '2019-04-01', 'BCD-2019-04-1021', 1, '2019-04-30 16:31:13'),
(25, 59, '2019-04-03', 'BS-2019-04-1022', 1, '2019-04-30 16:32:01'),
(26, 134, '2019-04-03', 'BCD-2019-04-1023', 1, '2019-04-30 16:33:09'),
(27, 22, '2019-04-04', 'BCD-2019-04-1024', 1, '2019-04-30 16:34:17'),
(28, 36, '2019-04-05', 'BCD-2019-04-1025', 1, '2019-04-30 16:35:31'),
(29, 17, '2019-04-06', 'BCD-2019-04-1026', 1, '2019-04-30 16:37:23'),
(30, 36, '2019-04-11', 'BCD-2019-04-1027', 1, '2019-04-30 16:38:34'),
(31, 36, '2019-04-12', 'BCD-2019-04-1028', 1, '2019-04-30 16:40:38'),
(32, 29, '2019-04-17', 'BCD-2019-04-1029', 1, '2019-04-30 16:43:01'),
(33, 21, '2019-04-23', 'BS-2019-04-1030', 1, '2019-04-30 16:44:11'),
(34, 36, '2019-04-24', 'BCD-2019-04-1031', 1, '2019-04-30 16:44:53'),
(35, 36, '2019-04-26', 'BCD-2019-04-1032', 1, '2019-04-30 16:46:12'),
(36, 29, '2019-04-26', 'BCD-2019-04-1033', 1, '2019-04-30 16:49:43'),
(37, 4, '2019-04-29', 'BS-2019-04-1034', 1, '2019-04-30 16:56:02'),
(38, 17, '2019-04-30', 'BCD-2019-04-1035', 1, '2019-04-30 16:59:24'),
(39, 133, '2019-04-30', 'BCD-2019-04-1036', 1, '2019-04-30 17:09:34'),
(40, 27, '2019-05-02', 'BCD-2019-05-1001', 1, '2019-05-02 16:22:08'),
(41, 17, '2019-05-03', 'BCD-2019-05-1037', 1, '2019-05-03 14:17:47'),
(42, 17, '2019-05-06', 'BCD-2019-05-1038', 1, '2019-05-06 11:12:13'),
(43, 22, '2019-05-07', 'BCD-2019-05-1039', 1, '2019-05-07 13:36:49'),
(44, 36, '2019-05-09', 'BCD-2019-05-1040', 1, '2019-05-10 09:21:33'),
(45, 17, '2019-05-10', 'BCD-2019-05-1041', 1, '2019-05-10 09:25:35'),
(46, 17, '2019-05-10', 'BCD-2019-05-1042', 1, '2019-05-10 16:36:46'),
(47, 22, '2019-05-11', 'BCD-2019-05-1043', 1, '2019-05-14 10:34:08'),
(48, 24, '2019-05-14', 'BCD-2019-05-1044', 1, '2019-05-14 10:34:57'),
(49, 17, '2019-05-16', 'BCD-2019-05-1045', 1, '2019-05-23 08:08:41'),
(50, 24, '2019-05-21', 'BCD-2019-05-1046', 1, '2019-05-23 08:10:48'),
(51, 17, '2019-05-21', 'BCD-2019-05-1047', 1, '2019-05-23 08:11:55'),
(52, 128, '2019-05-22', 'BCD-2019-05-1048', 1, '2019-05-23 08:12:56'),
(53, 17, '2019-05-23', 'BCD-2019-05-1049', 1, '2019-05-23 09:01:27'),
(54, 36, '2019-05-23', 'BCD-2019-05-1050', 1, '2019-05-23 13:04:31'),
(55, 33, '2019-05-23', 'BCD-2019-05-1051', 1, '2019-05-23 13:05:39'),
(56, 24, '2019-05-28', 'BCD-2019-05-1052', 1, '2019-06-07 14:05:05'),
(57, 17, '2019-05-29', 'BCD-2019-05-1053', 1, '2019-06-07 14:06:09'),
(58, 17, '2019-05-30', 'BCD-2019-05-1054', 1, '2019-06-07 14:07:11'),
(59, 36, '2019-05-30', 'BCD-2019-05-1055', 1, '2019-06-07 14:08:37'),
(60, 36, '2019-05-31', 'BCD-2019-05-1056', 1, '2019-06-07 14:09:43'),
(61, 17, '2019-06-03', 'BCD-2019-06-1001', 1, '2019-06-07 14:11:21'),
(62, 24, '2019-06-04', 'BCD-2019-06-1057', 1, '2019-06-07 14:12:27'),
(63, 36, '2019-06-07', 'BCD-2019-06-1058', 1, '2019-06-07 14:13:36'),
(64, 12, '2019-06-17', 'BCD-2019-06-1059', 1, '2019-06-17 11:53:28'),
(65, 131, '2019-06-08', 'BCD-2019-06-1060', 1, '2019-06-20 11:53:00'),
(66, 18, '2019-06-08', 'BCD-2019-06-1061', 1, '2019-06-20 11:55:38'),
(67, 18, '2019-06-08', 'BCD-2019-06-1062', 1, '2019-06-20 13:37:32'),
(68, 4, '2019-06-10', 'BS-2019-06-1063', 1, '2019-06-20 13:39:45'),
(69, 17, '2019-06-13', 'BCD-2019-06-1064', 1, '2019-06-20 13:41:13'),
(70, 6, '2019-06-13', 'BCD-2019-06-1065', 1, '2019-06-20 13:42:25'),
(71, 36, '2019-06-20', 'BCD-2019-06-1066', 1, '2019-06-20 13:44:19'),
(72, 17, '2019-06-21', 'BCD-2019-06-1067', 1, '2019-06-27 16:03:46'),
(73, 24, '2019-06-25', 'BCD-2019-06-1068', 1, '2019-07-01 14:37:05'),
(74, 17, '2019-06-27', 'BCD-2019-06-1069', 1, '2019-07-01 14:38:44'),
(75, 17, '2019-06-28', 'BCD-2019-06-1070', 1, '2019-07-01 14:40:19'),
(76, 29, '2019-07-01', 'BCD-2019-07-1001', 1, '2019-07-01 15:58:48'),
(77, 29, '2019-07-01', 'BCD-2019-07-1071', 1, '2019-07-08 15:40:50'),
(78, 24, '2019-07-02', 'BCD-2019-07-1072', 1, '2019-07-08 15:42:17'),
(79, 137, '2019-07-03', 'BCD-2019-07-1073', 1, '2019-07-08 15:45:34'),
(80, 17, '2019-07-03', 'BCD-2019-07-1074', 1, '2019-07-08 15:46:46'),
(81, 6, '2019-07-04', 'BCD-2019-07-1075', 1, '2019-07-08 15:51:10'),
(82, 8, '2019-07-03', 'BCD-2019-07-1076', 1, '2019-07-15 15:36:53'),
(83, 8, '2019-07-03', 'BCD-2019-07-1077', 1, '2019-07-15 15:39:36'),
(84, 17, '2019-07-05', 'BCD-2019-07-1078', 1, '2019-07-15 15:40:42'),
(85, 6, '2019-07-05', 'BCD-2019-07-1079', 1, '2019-07-15 15:42:25'),
(86, 131, '2019-07-09', 'BCD-2019-07-1080', 1, '2019-07-15 15:46:02'),
(87, 27, '2019-07-09', 'BCD-2019-07-1081', 1, '2019-07-15 15:48:05'),
(88, 6, '2019-07-10', 'BCD-2019-07-1082', 1, '2019-07-15 15:48:58'),
(89, 4, '2019-07-12', 'BS-2019-07-1083', 1, '2019-07-15 15:50:25'),
(90, 6, '2019-07-16', 'BCD-2019-07-1084', 1, '2019-07-17 15:31:52'),
(91, 17, '2019-07-16', 'BCD-2019-07-1085', 1, '2019-07-17 15:32:42'),
(92, 17, '2019-07-16', 'BCD-2019-07-1086', 1, '2019-07-17 15:33:36'),
(93, 17, '2019-07-17', 'BCD-2019-07-1087', 1, '2019-08-06 11:46:02'),
(94, 36, '2019-07-18', 'BCD-2019-07-1088', 1, '2019-08-06 11:48:49'),
(95, 3, '2019-07-19', 'BCD-2019-07-1089', 1, '2019-08-06 11:49:35'),
(96, 17, '2019-07-22', 'BCD-2019-07-1090', 1, '2019-08-06 11:52:58'),
(97, 27, '2019-07-22', 'BCD-2019-07-1091', 1, '2019-08-06 11:55:50'),
(98, 17, '2019-07-22', 'BCD-2019-07-1092', 1, '2019-08-06 11:57:01'),
(99, 33, '2019-07-24', 'BCD-2019-07-1093', 1, '2019-08-06 11:58:33'),
(100, 4, '2019-07-26', 'BS-2019-07-1094', 1, '2019-08-06 13:13:43'),
(101, 18, '2019-07-27', 'BCD-2019-07-1095', 1, '2019-08-06 13:16:51'),
(102, 6, '2019-07-29', 'BCD-2019-07-1096', 1, '2019-08-06 13:18:59'),
(103, 17, '2019-07-29', 'BCD-2019-07-1097', 1, '2019-08-06 13:25:52'),
(104, 130, '2019-07-29', 'BCD-2019-07-1098', 1, '2019-08-06 15:46:18'),
(105, 24, '2019-07-31', 'BCD-2019-07-1099', 1, '2019-08-06 15:49:40'),
(106, 22, '2019-07-30', 'BCD-2019-07-1100', 1, '2019-08-06 16:01:21'),
(107, 17, '2019-07-31', 'BCD-2019-07-1101', 1, '2019-08-06 16:01:51'),
(108, 33, '2019-07-31', 'BCD-2019-07-1102', 1, '2019-08-06 16:07:29'),
(109, 29, '2019-08-01', 'BCD-2019-08-1001', 1, '2019-08-06 16:10:14'),
(110, 17, '2019-08-05', 'BCD-2019-08-1103', 1, '2019-08-06 16:33:51'),
(111, 1, '2019-08-05', 'BCD-2019-08-1104', 1, '2019-08-06 16:35:05'),
(112, 24, '2019-08-06', 'BCD-2019-08-1105', 1, '2019-08-06 16:36:50'),
(113, 29, '2019-08-06', 'BCD-2019-08-1106', 1, '2019-08-06 16:38:25'),
(114, 29, '2019-08-06', 'BCD-2019-08-1107', 1, '2019-08-06 16:39:18'),
(115, 13, '2019-08-07', 'BCD-2019-08-1108', 1, '2019-08-08 09:59:03'),
(116, 6, '2019-08-08', 'BCD-2019-08-1109', 1, '2019-08-09 14:00:17'),
(117, 17, '2019-08-08', 'BCD-2019-08-1110', 1, '2019-08-09 14:01:10'),
(118, 24, '2019-08-09', 'BCD-2019-08-1111', 1, '2019-08-20 15:38:24'),
(119, 4, '2019-08-09', 'BS-2019-08-1112', 1, '2019-08-20 15:39:46'),
(120, 29, '2019-08-13', 'BCD-2019-08-1113', 1, '2019-08-20 15:41:37'),
(121, 17, '2019-09-14', 'BCD-2019-09-1001', 1, '2019-08-20 15:44:25'),
(122, 29, '2019-08-15', 'BCD-2019-08-1114', 1, '2019-08-20 15:45:49'),
(123, 24, '2019-08-19', 'BCD-2019-08-1115', 1, '2019-08-20 15:47:43'),
(124, 29, '2019-08-22', 'BCD-2019-08-1116', 1, '2019-08-28 16:29:13'),
(125, 29, '2019-08-22', 'BCD-2019-08-1117', 1, '2019-08-28 16:30:28'),
(126, 24, '2019-08-23', 'BCD-2019-08-1118', 1, '2019-08-28 16:31:56'),
(127, 15, '2019-08-27', 'BCD-2019-08-1119', 1, '2019-08-28 16:32:44'),
(128, 17, '2019-08-29', 'BCD-2019-08-1120', 1, '2019-08-30 16:51:56'),
(129, 27, '2019-08-30', 'BCD-2019-08-1121', 1, '2019-08-30 16:53:51'),
(130, 2, '2019-08-30', 'BCD-2019-08-1122', 1, '2019-08-30 16:55:03'),
(131, 35, '2019-08-30', 'BS-2019-08-1123', 1, '2019-08-30 16:57:11'),
(132, 24, '2019-08-31', 'BCD-2019-08-1124', 1, '2019-09-05 16:39:30'),
(133, 6, '2019-09-02', 'BCD-2019-09-1125', 1, '2019-09-05 16:40:58'),
(134, 24, '2019-09-03', 'BCD-2019-09-1126', 1, '2019-09-05 16:42:29'),
(135, 15, '2019-09-03', 'BCD-2019-09-1127', 1, '2019-09-05 16:43:52'),
(136, 15, '2019-09-03', 'BCD-2019-09-1128', 1, '2019-09-05 16:46:41'),
(137, 36, '2019-09-04', 'BCD-2019-09-1129', 1, '2019-10-16 15:56:00'),
(138, 35, '2019-09-04', 'BS-2019-09-1130', 1, '2019-10-16 15:57:23'),
(139, 22, '2019-09-05', 'BCD-2019-09-1131', 1, '2019-10-16 16:06:10'),
(140, 24, '2019-09-06', 'BCD-2019-09-1132', 1, '2019-11-13 10:54:48'),
(141, 6, '2019-09-06', 'BCD-2019-09-1133', 1, '2019-11-13 10:56:57'),
(142, 33, '2019-09-11', 'BCD-2019-09-1134', 1, '2019-11-13 13:55:15'),
(143, 22, '2019-09-12', 'BCD-2019-09-1135', 1, '2019-11-13 13:56:21'),
(144, 11, '2019-09-13', 'BCD-2019-09-1136', 1, '2019-11-13 13:57:21'),
(145, 27, '2019-09-16', 'CENPRI-B-2019-09-1137', 1, '2019-11-21 08:29:44'),
(146, 4, '2019-09-16', 'NA-2019-09-1137', 1, '2019-11-21 09:01:58'),
(147, 17, '2019-09-17', 'CENPRI-B-2019-09-1138', 1, '2019-11-21 09:04:44'),
(148, 24, '2019-09-17', 'CENPRI-B-2019-09-1138', 1, '2019-11-21 09:07:19'),
(149, 17, '2019-09-17', 'CENPRI-B-2019-09-1138', 1, '2019-11-21 09:16:57'),
(150, 17, '2019-09-17', 'CENPRI-B-2019-09-1138', 1, '2019-11-21 09:28:14'),
(151, 147, '2019-09-19', 'CENPRI-B-2019-09-1138', 1, '2019-11-21 09:32:05'),
(152, 15, '2019-09-19', 'CENPRI-B-2019-09-1138', 1, '2019-11-21 09:39:42'),
(153, 22, '2019-09-19', 'CENPRI-B-2019-09-1138', 1, '2019-11-21 09:40:49'),
(154, 17, '2019-09-20', 'CENPRI-B-2019-09-1138', 1, '2019-11-21 09:45:53'),
(155, 27, '2019-09-25', 'CENPRI-B-2019-09-1138', 1, '2019-11-21 09:50:24'),
(156, 34, '2019-09-25', 'CENPRI-B-2019-09-1138', 1, '2019-11-21 10:02:27'),
(157, 17, '2019-09-27', 'CENPRI-B-2019-09-1138', 1, '2019-11-21 10:03:52'),
(158, 29, '2019-09-27', 'CENPRI-B-2019-09-1138', 1, '2019-11-21 10:04:47'),
(159, 4, '2019-09-30', 'NA-2019-09-1138', 1, '2019-11-21 10:06:52'),
(160, 33, '2019-10-03', 'CENPRI-B-2019-10-1001', 1, '2019-11-21 10:08:04'),
(161, 17, '2019-10-03', 'CENPRI-B-2019-10-1139', 1, '2019-11-21 10:10:26'),
(162, 27, '2019-10-07', 'CENPRI-B-2019-10-1139', 1, '2019-11-21 10:13:40'),
(163, 6, '2019-10-14', 'CENPRI-B-2019-10-1139', 1, '2019-11-21 10:15:45'),
(164, 24, '2019-10-15', 'CENPRI-B-2019-10-1139', 1, '2019-11-21 10:18:01'),
(165, 4, '2019-10-16', 'NA-2019-10-1139', 1, '2019-11-21 10:19:30'),
(166, 4, '2019-10-17', 'NA-2019-10-1140', 1, '2019-11-21 10:21:37'),
(167, 27, '2019-10-18', 'CENPRI-B-2019-10-1141', 1, '2019-11-21 10:23:04'),
(168, 6, '2019-10-21', 'CENPRI-B-2019-10-1141', 1, '2019-11-21 10:24:18'),
(169, 24, '2019-10-22', 'CENPRI-B-2019-10-1141', 1, '2019-11-21 10:28:24'),
(170, 15, '2019-10-24', 'CENPRI-B-2019-10-1141', 1, '2019-11-21 10:31:39'),
(171, 17, '2019-10-26', 'CENPRI-B-2019-10-1141', 1, '2019-11-21 10:36:05'),
(172, 6, '2019-10-28', 'CENPRI-B-2019-10-1141', 1, '2019-11-21 10:37:53'),
(173, 24, '2019-10-29', 'CENPRI-B-2019-10-1141', 1, '2019-11-21 10:39:01'),
(174, 17, '2019-10-29', 'CENPRI-B-2019-10-1141', 1, '2019-11-21 13:28:25'),
(175, 6, '2019-10-31', 'CENPRI-B-2019-10-1141', 1, '2019-11-21 13:30:19'),
(176, 24, '2019-11-06', 'CENPRI-B-2019-11-1001', 1, '2019-11-21 13:31:49'),
(177, 4, '2019-11-06', 'NA-2019-11-1141', 1, '2019-11-21 13:33:43'),
(178, 27, '2019-11-11', 'CENPRI-B-2019-11-1142', 1, '2019-11-21 13:38:29'),
(179, 4, '2019-11-12', 'NA-2019-11-1142', 1, '2019-11-21 13:41:13'),
(180, 3, '2019-11-13', 'CENPRI-B-2019-11-1143', 1, '2019-11-21 13:44:37'),
(181, 58, '2019-11-13', 'CENPRI-S-2019-11-1143', 1, '2019-11-21 13:47:42'),
(182, 24, '2019-11-15', 'CENPRI-B-2019-11-1143', 1, '2019-11-21 13:50:31'),
(183, 4, '2019-11-16', 'NA-2019-11-1143', 1, '2019-11-21 13:52:18'),
(184, 27, '2019-11-18', 'CENPRI-B-2019-11-1144', 1, '2019-11-21 13:56:24'),
(185, 24, '2019-11-20', 'CENPRI-B-2019-11-1144', 1, '2019-11-21 13:57:59'),
(186, 33, '2019-11-20', 'CENPRI-B-2019-11-1144', 1, '2019-11-28 14:42:41'),
(187, 58, '2019-11-22', 'CENPRI-S-2019-11-1144', 1, '2019-11-28 14:44:20'),
(188, 58, '2019-11-25', 'CENPRI-S-2019-11-1144', 1, '2019-11-28 14:47:29'),
(189, 24, '2019-11-25', 'CENPRI-B-2019-11-1144', 1, '2019-11-28 14:49:12'),
(190, 33, '2019-11-27', 'CENPRI-B-2019-11-1144', 1, '2019-11-28 14:50:22'),
(191, 17, '2019-11-27', 'CENPRI-B-2019-11-1144', 1, '2019-11-28 14:51:51'),
(192, 139, '2019-10-08', 'CENPRI-B-2019-10-1144', 1, '2019-11-28 15:18:24'),
(193, 4, '2019-10-09', 'NA-2019-10-1144', 1, '2019-11-28 15:43:02'),
(194, 13, '2019-10-24', 'CENPRI-B-2019-10-1145', 1, '2019-11-28 15:45:04'),
(195, 6, '2019-12-02', 'CENPRI-B-2019-12-1001', 1, '2019-12-12 12:01:03'),
(196, 58, '2019-12-02', 'CENPRI-S-2019-12-13', 1, '2019-12-23 10:58:01'),
(197, 24, '2019-12-03', 'CENPRI-B-2019-12-13', 1, '2019-12-23 11:05:15'),
(198, 33, '2019-12-03', 'CENPRI-B-2019-12-13', 1, '2019-12-23 11:10:42'),
(199, 6, '2019-12-03', 'CENPRI-B-2019-12-13', 1, '2019-12-23 11:13:11'),
(200, 142, '2019-12-04', 'CENPRI-B-2019-12-13', 1, '2020-01-02 09:21:50'),
(201, 4, '2019-12-04', 'NA-2019-12-13', 1, '2020-01-02 09:25:26'),
(202, 21, '2019-12-05', 'CENPRI-S-2019-12-14', 1, '2020-01-02 09:26:59'),
(203, 15, '2019-12-05', 'CENPRI-B-2019-12-14', 1, '2020-01-02 09:29:12'),
(204, 19, '2019-12-06', 'CENPRI-B-2019-12-14', 1, '2020-01-02 09:31:46'),
(205, 149, '2019-12-09', 'CENPRI-B-2019-12-14', 1, '2020-01-02 09:47:52'),
(206, 151, '2019-12-18', 'CENPRI-B-2019-12-14', 1, '2020-01-02 09:53:16'),
(207, 17, '2019-12-26', 'CENPRI-B-2019-12-14', 1, '2020-01-02 10:43:27'),
(208, 36, '2019-12-02', 'CENPRI-B-2019-12-14', 1, '2020-01-07 10:45:24'),
(209, 58, '2020-01-02', 'CENPRI-S-2020-01-1001', 1, '2020-01-07 10:49:07'),
(210, 58, '2020-01-03', 'CENPRI-S-2020-01-14', 1, '2020-01-07 10:51:26'),
(211, 27, '2020-01-06', 'CENPRI-B-2020-01-14', 1, '2020-01-07 10:52:46'),
(212, 24, '2020-01-07', 'CENPRI-B-2020-01-14', 1, '2020-01-07 10:53:52'),
(213, 58, '2020-01-07', 'CENPRI-S-2020-01-14', 1, '2020-01-07 13:30:23'),
(214, 133, '2020-01-07', 'CENPRI-B-2020-01-14', 1, '2020-01-09 11:47:25'),
(215, 33, '2020-01-08', 'CENPRI-B-2020-01-14', 1, '2020-01-09 11:48:47');

-- --------------------------------------------------------

--
-- Table structure for table `borrow_series`
--

CREATE TABLE IF NOT EXISTS `borrow_series` (
`bseries_id` int(11) NOT NULL,
  `borrow_prefix` varchar(50) DEFAULT NULL,
  `series` varchar(50) DEFAULT NULL
) ENGINE=InnoDB AUTO_INCREMENT=219 DEFAULT CHARSET=latin1;

--
-- Dumping data for table `borrow_series`
--

INSERT INTO `borrow_series` (`bseries_id`, `borrow_prefix`, `series`) VALUES
(1, 'BS-2019-01', '1001'),
(3, 'BCD-2019-03', '1001'),
(4, 'BCD-2019-01', '1002'),
(5, 'BS-2019-03', '1003'),
(6, 'BS-2019-03', '1004'),
(7, 'BS-2019-03', '1005'),
(8, 'BCD-2019-03', '1006'),
(9, 'BCD-2019-03', '1007'),
(10, 'BCD-2019-03', '1008'),
(11, 'BCD-2019-03', '1009'),
(12, 'BCD-2019-03', '1010'),
(13, 'BCD-2019-03', '1011'),
(14, 'BCD-2019-03', '1012'),
(15, 'BCD-2019-03', '1013'),
(16, 'BS-2019-03', '1014'),
(17, 'BCD-2019-03', '1015'),
(18, 'BCD-2019-03', '1016'),
(19, 'BCD-2019-03', '1017'),
(20, 'BS-2019-03', '1018'),
(21, 'BCD-2019-03', '1019'),
(22, 'BS-2019-03', '1020'),
(23, 'BS-2019-04', '1001'),
(24, 'BCD-2019-04', '1021'),
(25, 'BS-2019-04', '1022'),
(26, 'BCD-2019-04', '1023'),
(27, 'BCD-2019-04', '1024'),
(28, 'BCD-2019-04', '1025'),
(29, 'BCD-2019-04', '1026'),
(30, 'BCD-2019-04', '1027'),
(31, 'BCD-2019-04', '1028'),
(32, 'BCD-2019-04', '1029'),
(33, 'BS-2019-04', '1030'),
(34, 'BCD-2019-04', '1031'),
(35, 'BCD-2019-04', '1032'),
(36, 'BCD-2019-04', '1033'),
(37, 'BS-2019-04', '1034'),
(38, 'BCD-2019-04', '1035'),
(39, 'BCD-2019-04', '1036'),
(42, 'BCD-2019-05', '1001'),
(43, 'BCD-2019-05', '1037'),
(44, 'BCD-2019-05', '1038'),
(45, 'BCD-2019-05', '1039'),
(46, 'BCD-2019-05', '1040'),
(47, 'BCD-2019-05', '1041'),
(48, 'BCD-2019-05', '1042'),
(49, 'BCD-2019-05', '1043'),
(50, 'BCD-2019-05', '1044'),
(51, 'BCD-2019-05', '1045'),
(52, 'BCD-2019-05', '1046'),
(53, 'BCD-2019-05', '1047'),
(54, 'BCD-2019-05', '1048'),
(55, 'BCD-2019-05', '1049'),
(56, 'BCD-2019-05', '1050'),
(57, 'BCD-2019-05', '1051'),
(58, 'BCD-2019-05', '1052'),
(59, 'BCD-2019-05', '1053'),
(60, 'BCD-2019-05', '1054'),
(61, 'BCD-2019-05', '1055'),
(62, 'BCD-2019-05', '1056'),
(63, 'BCD-2019-06', '1001'),
(64, 'BCD-2019-06', '1057'),
(65, 'BCD-2019-06', '1058'),
(66, 'BCD-2019-06', '1059'),
(67, 'BCD-2019-06', '1060'),
(68, 'BCD-2019-06', '1061'),
(69, 'BCD-2019-06', '1062'),
(70, 'BS-2019-06', '1063'),
(71, 'BCD-2019-06', '1064'),
(72, 'BCD-2019-06', '1065'),
(73, 'BCD-2019-06', '1066'),
(74, 'BCD-2019-06', '1067'),
(75, 'BCD-2019-06', '1068'),
(76, 'BCD-2019-06', '1069'),
(77, 'BCD-2019-06', '1070'),
(78, 'BCD-2019-07', '1001'),
(79, 'BCD-2019-07', '1071'),
(80, 'BCD-2019-07', '1072'),
(81, 'BCD-2019-07', '1073'),
(82, 'BCD-2019-07', '1074'),
(83, 'BCD-2019-07', '1075'),
(84, 'BCD-2019-07', '1076'),
(85, 'BCD-2019-07', '1077'),
(86, 'BCD-2019-07', '1078'),
(87, 'BCD-2019-07', '1079'),
(88, 'BCD-2019-07', '1080'),
(89, 'BCD-2019-07', '1081'),
(90, 'BCD-2019-07', '1082'),
(91, 'BS-2019-07', '1083'),
(92, 'BCD-2019-07', '1084'),
(93, 'BCD-2019-07', '1085'),
(94, 'BCD-2019-07', '1086'),
(95, 'BCD-2019-07', '1087'),
(96, 'BCD-2019-07', '1088'),
(97, 'BCD-2019-07', '1089'),
(98, 'BCD-2019-07', '1090'),
(99, 'BCD-2019-07', '1091'),
(100, 'BCD-2019-07', '1092'),
(101, 'BCD-2019-07', '1093'),
(102, 'BS-2019-07', '1094'),
(103, 'BCD-2019-07', '1095'),
(104, 'BCD-2019-07', '1096'),
(105, 'BCD-2019-07', '1097'),
(106, 'BCD-2019-07', '1098'),
(107, 'BCD-2019-07', '1099'),
(108, 'BCD-2019-07', '1100'),
(109, 'BCD-2019-07', '1101'),
(110, 'BCD-2019-07', '1102'),
(111, 'BCD-2019-08', '1001'),
(112, 'BCD-2019-08', '1103'),
(113, 'BCD-2019-08', '1104'),
(114, 'BCD-2019-08', '1105'),
(115, 'BCD-2019-08', '1106'),
(116, 'BCD-2019-08', '1107'),
(117, 'BCD-2019-08', '1108'),
(118, 'BCD-2019-08', '1109'),
(119, 'BCD-2019-08', '1110'),
(120, 'BCD-2019-08', '1111'),
(121, 'BS-2019-08', '1112'),
(122, 'BCD-2019-08', '1113'),
(123, 'BCD-2019-09', '1001'),
(124, 'BCD-2019-08', '1114'),
(125, 'BCD-2019-08', '1115'),
(126, 'BCD-2019-08', '1116'),
(127, 'BCD-2019-08', '1117'),
(128, 'BCD-2019-08', '1118'),
(129, 'BCD-2019-08', '1119'),
(130, 'BCD-2019-08', '1120'),
(131, 'BCD-2019-08', '1121'),
(132, 'BCD-2019-08', '1122'),
(133, 'BS-2019-08', '1123'),
(134, 'BCD-2019-08', '1124'),
(135, 'BCD-2019-09', '1125'),
(136, 'BCD-2019-09', '1126'),
(137, 'BCD-2019-09', '1127'),
(138, 'BCD-2019-09', '1128'),
(139, 'BCD-2019-09', '1129'),
(140, 'BS-2019-09', '1130'),
(141, 'BCD-2019-09', '1131'),
(142, 'BCD-2019-09', '1132'),
(143, 'BCD-2019-09', '1133'),
(144, 'BCD-2019-09', '1134'),
(145, 'BCD-2019-09', '1135'),
(146, 'BCD-2019-09', '1136'),
(147, 'CENPRI-B-2019', '09'),
(148, 'NA-2019-09', '1137'),
(149, 'CENPRI-B-2019', '09'),
(150, 'CENPRI-B-2019', '09'),
(151, 'CENPRI-B-2019', '09'),
(152, 'CENPRI-B-2019', '09'),
(153, 'CENPRI-B-2019', '09'),
(154, 'CENPRI-B-2019', '09'),
(155, 'CENPRI-B-2019', '09'),
(156, 'CENPRI-B-2019', '09'),
(157, 'CENPRI-B-2019', '09'),
(158, 'CENPRI-B-2019', '09'),
(159, 'CENPRI-B-2019', '09'),
(160, 'CENPRI-B-2019', '09'),
(161, 'NA-2019-09', '1138'),
(162, 'CENPRI-B-2019', '10'),
(163, 'CENPRI-B-2019', '10'),
(164, 'CENPRI-B-2019', '10'),
(165, 'CENPRI-B-2019', '10'),
(166, 'CENPRI-B-2019', '10'),
(167, 'NA-2019-10', '1139'),
(168, 'NA-2019-10', '1140'),
(169, 'CENPRI-B-2019', '10'),
(170, 'CENPRI-B-2019', '10'),
(171, 'CENPRI-B-2019', '10'),
(172, 'CENPRI-B-2019', '10'),
(173, 'CENPRI-B-2019', '10'),
(174, 'CENPRI-B-2019', '10'),
(175, 'CENPRI-B-2019', '10'),
(176, 'CENPRI-B-2019', '10'),
(177, 'CENPRI-B-2019', '10'),
(178, 'CENPRI-B-2019', '11'),
(179, 'NA-2019-11', '1141'),
(180, 'CENPRI-B-2019', '11'),
(181, 'NA-2019-11', '1142'),
(182, 'CENPRI-B-2019', '11'),
(183, 'CENPRI-S-2019', '11'),
(184, 'CENPRI-B-2019', '11'),
(185, 'NA-2019-11', '1143'),
(186, 'CENPRI-B-2019', '11'),
(187, 'CENPRI-B-2019', '11'),
(188, 'CENPRI-B-2019', '11'),
(189, 'CENPRI-S-2019', '11'),
(190, 'CENPRI-S-2019', '11'),
(191, 'CENPRI-B-2019', '11'),
(192, 'CENPRI-B-2019', '11'),
(193, 'CENPRI-B-2019', '11'),
(194, 'CENPRI-B-2019', '10'),
(195, 'NA-2019-10', '1144'),
(196, 'CENPRI-B-2019', '10'),
(197, 'CENPRI-B-2019', '12'),
(198, 'CENPRI-S-2019', '12'),
(199, 'CENPRI-B-2019', '12'),
(200, 'CENPRI-B-2019', '12'),
(201, 'CENPRI-B-2019', '12'),
(202, 'CENPRI-B-2019', '12'),
(203, 'CENPRI-B-2019', '12'),
(204, 'NA-2019-12', '13'),
(205, 'CENPRI-S-2019', '12'),
(206, 'CENPRI-B-2019', '12'),
(207, 'CENPRI-B-2019', '12'),
(208, 'CENPRI-B-2019', '12'),
(209, 'CENPRI-B-2019', '12'),
(210, 'CENPRI-B-2019', '12'),
(211, 'CENPRI-B-2019', '12'),
(212, 'CENPRI-S-2020', '01'),
(213, 'CENPRI-S-2020', '01'),
(214, 'CENPRI-B-2020', '01'),
(215, 'CENPRI-B-2020', '01'),
(216, 'CENPRI-S-2020', '01'),
(217, 'CENPRI-B-2020', '01'),
(218, 'CENPRI-B-2020', '01');

-- --------------------------------------------------------

--
-- Table structure for table `category`
--

CREATE TABLE IF NOT EXISTS `category` (
`category_id` int(11) NOT NULL,
  `category_name` varchar(100) DEFAULT NULL
) ENGINE=InnoDB AUTO_INCREMENT=2 DEFAULT CHARSET=latin1;

--
-- Dumping data for table `category`
--

INSERT INTO `category` (`category_id`, `category_name`) VALUES
(1, 'Furniture, Fixtures and Equipment');

-- --------------------------------------------------------

--
-- Table structure for table `company`
--

CREATE TABLE IF NOT EXISTS `company` (
`company_id` int(11) NOT NULL,
  `company_name` varchar(50) DEFAULT NULL
) ENGINE=InnoDB AUTO_INCREMENT=3 DEFAULT CHARSET=latin1;

--
-- Dumping data for table `company`
--

INSERT INTO `company` (`company_id`, `company_name`) VALUES
(1, 'CENPRI'),
(2, 'ENERGREEN');

-- --------------------------------------------------------

--
-- Table structure for table `currency`
--

CREATE TABLE IF NOT EXISTS `currency` (
`currency_id` int(11) NOT NULL,
  `currency_name` varchar(20) DEFAULT NULL
) ENGINE=InnoDB AUTO_INCREMENT=3 DEFAULT CHARSET=latin1;

--
-- Dumping data for table `currency`
--

INSERT INTO `currency` (`currency_id`, `currency_name`) VALUES
(1, 'PHP'),
(2, 'USD');

-- --------------------------------------------------------

--
-- Table structure for table `damage_info`
--

CREATE TABLE IF NOT EXISTS `damage_info` (
`damage_id` int(11) NOT NULL,
  `incident_date` varchar(20) DEFAULT NULL,
  `etdr_no` varchar(50) DEFAULT NULL,
  `activity` text,
  `et_id` int(11) NOT NULL DEFAULT '0',
  `ed_id` int(11) NOT NULL DEFAULT '0',
  `damage_location` text,
  `accountability` varchar(100) DEFAULT NULL,
  `incident_description` text,
  `equip_damage` text,
  `recommendation` text,
  `submitted_by` int(11) NOT NULL DEFAULT '0',
  `checked_by` int(11) NOT NULL DEFAULT '0',
  `noted_by` int(11) NOT NULL DEFAULT '0',
  `create_date` varchar(20) DEFAULT NULL,
  `user_id` int(11) NOT NULL DEFAULT '0'
) ENGINE=InnoDB AUTO_INCREMENT=29 DEFAULT CHARSET=latin1;

--
-- Dumping data for table `damage_info`
--

INSERT INTO `damage_info` (`damage_id`, `incident_date`, `etdr_no`, `activity`, `et_id`, `ed_id`, `damage_location`, `accountability`, `incident_description`, `equip_damage`, `recommendation`, `submitted_by`, `checked_by`, `noted_by`, `create_date`, `user_id`) VALUES
(1, '2019-04-27', 'BCD-2019-04-1001', 'Office use', 13, 13, 'Office', 'Zara Joy Gabales', 'Mouse pointer is stuck', 'Mouse pointer is stuck', 'currently it is replaced by a spare/available ps2 mouse.', 15, 14, 0, '2019-04-27 11:49:02', 3),
(3, '2019-05-25', '-2019-05-1001', 'CCTV monitoring', 265, 267, 'Cenpri Bacolod', 'IT Department', 'The CCTV monitoring stops. ', 'short circuit', 'Replace switching adapter', 21, 3, 12, '2019-05-27 11:53:37', 1),
(4, '2019-01-07', '-2019-01-1001', 'Office Use', 280, 281, 'Shoppers Guide', 'Butch Dujenio', 'There was a power surge and the charger malfunction.', 'Charger is defective.', 'Replace Charger', 14, 21, 3, '2019-07-19 15:49:38', 1),
(5, '2019-01-07', 'BCD-2019-01-1002', 'Office Use', 282, 283, 'Admin - BCD', 'Annavi Lacambra', 'C/o to sir Lloyd Jamero', 'C/o to sir Lloyd Jamero', 'Replace Charger', 14, 21, 3, '2019-07-19 16:27:15', 1),
(6, '2019-08-05', 'BCD-2019-08-1001', 'Office Use', 95, 95, 'Admin Offce - BCD', 'Ma. Milagros B. Arana', 'Charger is not functioning because of power fluctuation.', 'Charger''s adapter is not receiving any power.', 'To repair if not replace.', 36, 54, 3, '2019-08-06 09:52:38', 1),
(7, '2019-07-29', 'BCD-2019-07-1001', 'Office Use', 6, 6, 'Billing Department - BCD', 'Celina Grabillo', 'Every time the power shuts-down the Equipment''s shuts-down too.   ', 'UPS didn''t store power anymore.', 'To repair if not replace.', 36, 14, 3, '2019-08-06 10:06:02', 1),
(8, '2019-08-09', 'BCD-2019-08-1003', 'Office use', 292, 293, 'CENPRI-BCD(ADMIN)', 'Glenn Paul Toledo', 'Color encoding issue changing of screen color to not eye-friendly colors and white noise on-screen.', 'Unstable image output from the monitor.', 'For replacement', 132, 36, 3, '2019-08-09 15:47:58', 1),
(9, '2019-08-08', 'BCD-2019-08-1004', 'Providing power to CPU.', 291, 292, 'CENPRI-BCD(IT DEPARTMENT)', 'Stephine Severino', 'It suddenly explode because of power surge.', 'Explosion of power cord and burned.', 'For replacement.', 31, 36, 3, '2019-08-09 15:52:57', 1),
(10, '2019-08-08', 'BCD-2019-08-1005', 'AVR for Glenn''s PC, scanner and CENPRI-Server.', 183, 180, 'CENPRI-BCD(ADMIN)', 'IT Personnel', 'The equipment was burned because of low voltage and power surge.', 'The AVR burned.', 'For replacement.', 36, 3, 3, '2019-08-09 15:57:57', 1),
(11, '2019-08-09', '-2019-08-1006', 'Office use switching adapter for Globe WIFI router.', 290, 291, 'CENPRI-BCD(ADMIN)', 'IT Personnel', 'The equipment was burned because of power surge and low voltage.', 'The Switching Adapter was burned.', 'For replacement.', 36, 21, 3, '2019-08-09 16:01:44', 1),
(12, '2019-10-08', 'BCD-2019-10-1001', 'Office use', 204, 201, 'Admin BCD', 'Ladylyn Salvante', 'All the equipment of Ms. Ladylyn shutdown in times of brownout.', 'The UPS is not charging.', 'For repair.', 36, 21, 3, '2019-10-09 09:24:57', 1),
(13, '2019-11-27', 'CENPRI-B-2019-11-1001', 'Trading Phone', 298, 300, 'Bacolod (Trading)', 'All Traders', 'Busted Cord', 'Cracked and Worn-out, Parts near both ends are exposing the wires inside', 'Need Replacement', 23, 14, 11, '2019-11-27 13:36:41', 1),
(14, '2019-11-29', 'CENPRI-B-2019-11-1007', 'Admin Office common use', 236, 233, 'Admin', 'Purchasing, Accounting, HR-Admin and Finance Department', 'Paper does not feed properly.', 'Worn out feed rollers.', 'Need to replace the paper feed roller.', 135, 21, 3, '2019-12-05 09:23:58', 1),
(15, '2019-11-29', 'CENPRI-S-2019-11-1007', 'Office Use', 234, 231, 'Cenpri Site, Bago City', 'Lloyd Jamero', 'No power and unable to turn on.', 'Unable to determine the exact damage of the unit.', 'Need thorough motherboard and battery pack check up and repair.', 21, 53, 66, '2019-12-05 11:04:59', 1),
(16, '2019-12-17', 'CENPRI-B-2019-12-1001', 'Regulates Electric Power', 241, 238, 'Admin BCD', 'Gebby Jalandoni', 'It has an open wire and it flickers.', 'The device can''t give power to desktop due to the open wire', 'Refer the device to CENPRI-Site to check and repair.', 19, 31, 3, '2019-12-18 14:17:55', 1),
(17, '2019-12-06', 'CENPRI-B-2019-12-1007', 'Office Use', 238, 235, 'Bacolod Admin Office', 'Gebby Jalandoni', 'After Preventive Maintenance for Printer and Computers the keyboard''s Spacebar and Enter key was been broke.', 'The keyboard''s Spacebar and Enter key is broken.', 'For repair', 19, 31, 3, '2020-01-02 09:43:58', 1),
(18, '2020-01-13', 'CENPRI-B-2020-01-1001', 'Regulating electric power.', 315, 318, 'CEMPCO', 'Alma Lucerna', 'Suddenly flicker inside the equipment, and has a burning smell;.', 'Burned AVR.', 'To repair under warranty.', 149, 31, 3, '2020-01-23 09:56:42', 1),
(21, '2020-01-22', 'CENPRI-B-2020-01-1007', 'Regulating Electric Power', 232, 229, 'Admin', 'Kervic Bias', 'Discovered that the AVR has no power.', 'Not working and no power.', 'For repair and diagnosis', 4, 31, 3, '2020-01-30 09:59:02', 1),
(22, '2020-01-31', 'CENPRI-B-2020-01-1008', 'tw', 113, 113, 'sa', 'fg', 'sdfve', 'sad sdaf ', 'asd asd ', 31, 31, 3, '2020-01-31 13:44:34', 1),
(23, '2020-01-31', 'CENPRI-B-2020-01-1009', 'asd', 114, 114, 'sad', 'sdfag', 'fg', 'dfg', 'dfg', 31, 31, 3, '2020-01-31 13:48:47', 1),
(24, '2020-01-31', 'NA-2020-01-1010', 'sDasd', 10, 12, 'asd', 'asd', 'asd', 'dsaf', 'sdaf', 31, 31, 3, '2020-01-31 13:49:30', 1),
(25, '2020-02-01', 'CENPRI-B-2020-02-1001', 'asdf', 293, 295, 'safd', 'asdf', 'asdf', 'sadf', 'sdaf', 31, 53, 66, '2020-01-31 14:20:07', 1),
(26, '2020-01-31', 'CENPRI-B-2020-01-1010', 'sdaf', 293, 295, 'sadf', 'sfdsadf', 'sfd', 'sdaf', 'asfd', 31, 53, 66, '2020-01-31 14:20:42', 1),
(27, '2020-02-07', 'CENPRI-B-2020-02-1002', 'sdf', 116, 115, 'sfd', 'sadf', 'asfd', 'sfad', 'sfd', 31, 31, 3, '2020-02-07 11:34:34', 1),
(28, '2020-02-20', 'CENPRI-B-2020-02-1003', 'df', 312, 315, 'df', 'df', 'df', 'df', 'df', 3, 1, 4, '2020-02-21 15:39:16', 1);

-- --------------------------------------------------------

--
-- Table structure for table `damage_series`
--

CREATE TABLE IF NOT EXISTS `damage_series` (
`ds_id` int(11) NOT NULL,
  `damage_prefix` varchar(100) DEFAULT NULL,
  `series` int(11) DEFAULT '0'
) ENGINE=InnoDB AUTO_INCREMENT=29 DEFAULT CHARSET=latin1;

--
-- Dumping data for table `damage_series`
--

INSERT INTO `damage_series` (`ds_id`, `damage_prefix`, `series`) VALUES
(1, 'BCD-2019-04', 1001),
(3, '-2019-05', 1001),
(4, '-2019-01', 1001),
(5, 'BCD-2019-01', 1002),
(6, 'BCD-2019-08', 1001),
(7, 'BCD-2019-07', 1001),
(8, 'BCD-2019-08', 1003),
(9, 'BCD-2019-08', 1004),
(10, 'BCD-2019-08', 1005),
(11, '-2019-08', 1006),
(12, 'BCD-2019-10', 1001),
(13, 'CENPRI-B-2019', 11),
(14, 'CENPRI-B-2019', 11),
(15, 'CENPRI-S-2019', 11),
(16, 'CENPRI-B-2019', 12),
(17, 'CENPRI-B-2019', 12),
(18, 'CENPRI-B-2020', 1),
(21, 'CENPRI-B-2020-01', 1007),
(22, 'CENPRI-B-2020-01', 1008),
(23, 'CENPRI-B-2020-01', 1009),
(24, 'NA-2020-01', 1010),
(25, 'CENPRI-B-2020-02', 1001),
(26, 'CENPRI-B-2020-01', 1010),
(27, 'CENPRI-B-2020-02', 1002),
(28, 'CENPRI-B-2020-02', 1003);

-- --------------------------------------------------------

--
-- Table structure for table `department`
--

CREATE TABLE IF NOT EXISTS `department` (
`department_id` int(11) NOT NULL,
  `department_name` varchar(100) DEFAULT NULL
) ENGINE=InnoDB DEFAULT CHARSET=latin1;

-- --------------------------------------------------------

--
-- Table structure for table `employees`
--

CREATE TABLE IF NOT EXISTS `employees` (
`employee_id` int(11) NOT NULL,
  `employee_name` varchar(255) DEFAULT NULL,
  `department` varchar(255) DEFAULT NULL,
  `location_id` int(11) NOT NULL DEFAULT '0',
  `aaf_no` varchar(100) DEFAULT NULL,
  `acf_no` varchar(50) DEFAULT NULL,
  `position` varchar(255) DEFAULT NULL,
  `contact_no` varchar(255) DEFAULT NULL,
  `email` varchar(100) DEFAULT NULL,
  `type` int(11) NOT NULL DEFAULT '0',
  `status` int(11) NOT NULL DEFAULT '0'
) ENGINE=InnoDB AUTO_INCREMENT=152 DEFAULT CHARSET=latin1;

--
-- Dumping data for table `employees`
--

INSERT INTO `employees` (`employee_id`, `employee_name`, `department`, `location_id`, `aaf_no`, `acf_no`, `position`, `contact_no`, `email`, `type`, `status`) VALUES
(1, 'Ma. Milagros Arana', 'Management', 1, 'CENPRI-B-1005', NULL, 'General Manager', '0917-5924080', '', 1, 0),
(2, 'Rhea Arsenio', 'Trading', 1, 'CENPRI-B-1021', NULL, 'Trader', '0920-6398529', '', 1, 0),
(3, 'Jonah Faye Benares', 'IT Department', 1, 'CENPRI-B-1038', NULL, 'Software Development Supervisor', '0932-4515369', '', 1, 0),
(4, 'Kervic Bias', 'Purchasing', 1, 'CENPRI-B-1067', NULL, 'Procurement Assistant', '0930-2357794', '', 1, 0),
(5, 'Joemarie Calibjo', 'Admin', 1, 'CENPRI-B-1037', NULL, 'Service Vehicle Driver', '0950-2900419', '', 1, 0),
(6, 'Maylen Cabaylo', 'Purchasing', 1, 'CENPRI-B-1010', NULL, 'Purchasing Officer', '09099491894/09234597487', '', 1, 0),
(7, 'Rey  Carbaquil', 'Admin', 1, 'CENPRI-B-1020', NULL, 'Service Vehicle Driver', '0912 5905319', '', 1, 0),
(8, 'Cristy Cesar', 'Accounting', 1, 'CENPRI-B-1014', NULL, 'Accounting Associate', '0916-3961389', '', 1, 0),
(9, 'Gretchen Danoy', 'Accounting', 1, 'CENPRI-B-1031', NULL, 'Accounting Supervisor', '0922-4386979', '', 1, 0),
(10, 'Merry Michelle Dato', 'Special Projects', 2, 'CENPRI-S-1018', NULL, 'Projects and Asset Management Assistant', '0920-5205418', '', 1, 0),
(11, 'Joemar De Los Santos', 'Trading', 1, 'CENPRI-B-1036', NULL, 'Lead Trader', '0923-4187139', '', 1, 0),
(12, 'Imelda Espera', 'Accounting / Finance', 1, 'CENPRI-B-1034', NULL, 'A/P & Credit Supervisor', '0918-6760758', '', 1, 0),
(13, 'Elaisa Jane Febrio', 'HR/Admin', 1, 'CENPRI-B-1018', NULL, 'HR Assistant', '0917-9941917', '', 1, 0),
(14, 'Jason Flor', 'IT Department', 1, 'CENPRI-B-1035', NULL, 'Software Development Assistant', '0939-6488141', '', 1, 0),
(15, 'Zara Joy Gabales', 'EMG-Billing', 1, 'CENPRI-B-1029', NULL, 'Billing Assistant', '0939-1159164', '', 1, 0),
(16, 'Relsie Gallo', '0', 1, 'CENPRI-B-1019', NULL, '0', '0', '', 1, 0),
(17, 'Celina Marie Grabillo', 'EMG-Billing', 1, 'CENPRI-B-1009', NULL, 'Billing & Settlement Officer', '0907-4494479', '', 1, 0),
(18, 'Nazario Shyde Jr. Ibaez', 'Trading', 1, 'CENPRI-B-1016', NULL, 'Trader', '0922-3271576', '', 1, 0),
(19, 'Gebby Jalandoni', 'Accounting', 1, 'CENPRI-B-1023', NULL, 'Accounting Assistant', '0909-9579077', '', 1, 0),
(20, 'Caesariane Jo', 'Trading', 1, 'CENPRI-B-1006', NULL, 'Trader', '0927-8212228', '', 1, 0),
(21, 'Lloyd Jamero', 'IT Department', 2, 'CENPRI-S-1006', NULL, 'IT Specialist', '0908-7636105', '', 1, 0),
(22, 'Annavi Lacambra', 'Accounting', 1, 'CENPRI-B-1003', NULL, 'Corporate Accountant', '0932-3649978', '', 1, 0),
(23, 'Ma. Erika Oquiana', 'Trading', 1, 'CENPRI-B-1004', NULL, 'Trader', '0912-4746470/09773640452', '', 1, 0),
(24, 'Charmaine Rei Plaza', 'Trading', 1, 'CENPRI-B-1011', NULL, 'Energy Market Analyst', '0948-9285185', '', 1, 0),
(25, 'Cresilda Mae Ramirez', 'Accounting', 1, 'CENPRI-B-1013', NULL, 'Internal Auditor', '0977-8215247', '', 1, 0),
(26, 'Melanie Rocha', 'Admin', 1, 'CENPRI-B-1012', NULL, 'Utility', '0910-4526879', '', 1, 0),
(27, 'Zyndyryn Rosales', 'Finance', 1, 'CENPRI-B-1030', NULL, 'Finance Supervisor', '0932-8737196', '', 1, 0),
(28, 'Genie Saludo', 'HR/Admin', 1, 'CENPRI-B-1024', NULL, 'HR Assistant', '09272257127/09454569188', '', 1, 0),
(29, 'Daisy Jane Sanchez', 'Trading', 1, 'CENPRI-B-1015', NULL, 'EMG Manager / WESM Compliance Officer', '0932-8773754', '', 1, 0),
(30, 'Rosemarie Sarroza', 'Trading', 1, 'CENPRI-B-1022', NULL, 'Trader', '0917-9512950', '', 1, 0),
(31, 'Stephine David Severino', 'IT Department', 1, 'CENPRI-B-1026', NULL, 'Software Development Assistant', '0977-7106914', '', 1, 0),
(32, 'Henry Sia', 'Engineering Dept.', 1, 'CENPRI-B-1033', NULL, 'Grid Integration Manager', '9177996939', '', 1, 0),
(33, 'Syndey Sinoro', 'HR/Admin', 1, 'CENPRI-B-1027', NULL, 'HR Supervisor', '0923-2802343', '', 1, 0),
(34, 'Marianita Tabilla', 'Finance', 1, 'CENPRI-B-1007', NULL, 'Finance Assistant', '0917-7793318', '', 1, 0),
(35, 'Krystal Gayle Tagalog', 'HR/Admin', 0, NULL, NULL, 'Payroll Assistant', '0946-3348559', '', 1, 0),
(36, 'Hennelen Tanan', 'IT Department', 1, 'CENPRI-B-1032', NULL, 'IT Encoder ', '0945-5743745', '', 1, 0),
(37, 'Teresa Tan', 'Contracts & Compliance', 1, 'CENPRI-B-1028', NULL, 'Contracts & Compliance Asst.', '0923-6828813', '', 1, 0),
(38, 'Dary Mae Villas', 'Trading', 1, 'CENPRI-B-1017', NULL, 'Trader', '0930-7871989', '', 1, 0),
(39, 'Marlon Adorio', 'Electrical & Instrumentation', 2, 'CENPRI-S-1013', NULL, 'E & IC Technician', '0912-5896720', '', 1, 0),
(40, 'John Ezequiel Alejandro', 'Operations', 2, 'CENPRI-S-1058', NULL, 'Auxiliary Operator ', '0916-5321090', '', 1, 0),
(41, 'Carlito Alevio', 'Mechanical Maintenance', 2, 'CENPRI-S-1011', NULL, 'Plant Mechanic', '0926-8161359', '', 1, 0),
(42, 'Regina Alova', 'Trading', 2, 'CENPRI-S-1026', NULL, 'Operations Analyst', '09235607021 / 09485342153', '', 1, 0),
(43, 'Rebecca Alunan ', 'Trading', 2, 'CENPRI-S-1032', NULL, 'Performance Monitoring Supervisor', '0906-3425996', '', 1, 0),
(44, 'Fleur de Liz Ambong', 'Fuel Management', 2, 'CENPRI-S-1035', NULL, 'Fuel Management Asst.', '0909-4620177', '', 1, 0),
(45, 'Beverly  Ampog', 'Operations', 2, 'CENPRI-S-1009', NULL, 'Operations Analyst', '0995-3634548', '', 1, 0),
(46, 'Genaro Angulo', 'Electrical & Instrumentation', 2, 'CENPRI-S-1039', NULL, 'Electrical Supervisor', '09196745918', '', 1, 0),
(47, 'Rey Argawanon', 'Electrical & Instrumentation', 2, 'CENPRI-S-1030', NULL, 'Power Delivery & Technical Manager', '0917-8653566', '', 1, 0),
(48, 'Alona Arroyo', 'Operations', 2, 'CENPRI-S-1004', NULL, 'Operations Planner', '0919-3725318', '', 1, 0),
(49, 'Joemillan Baculio', 'Operations', 2, 'CENPRI-S-1056', NULL, 'Auxiliary Operator', '0906-8802652', '', 1, 0),
(50, 'Rashelle Joy Bating', 'Special Projects', 2, 'CENPRI-S-1023', NULL, 'Projects Coordinator Assistant', '0910-1980348', '', 1, 0),
(51, 'Gener Bawar', 'Machine Shop and Reconditioning', 2, 'CENPRI-S-1041', NULL, 'Machine Shop & Reconditioning Supervisor', '0920-2128998', '', 1, 0),
(52, 'Ruel Beato', 'Mechanical Maintenance', 2, 'CENPRI-S-1040', NULL, 'Plant Mechanic', '0939-2369794', '', 1, 0),
(53, 'Mary Grace Bugna', 'Accounting', 2, 'CENPRI-S-1014', NULL, 'Asset Management Asst.', '0930-7765706', '', 1, 0),
(54, 'Vency Cababat', 'Electrical & Instrumentation', 2, 'CENPRI-S-1048', NULL, ' E&IC Technician', '09267932911 / 09265638526', '', 1, 0),
(55, 'Rusty Canama', 'Mechanical Maintenance', 2, 'CENPRI-S-1042', NULL, 'Plant Mechanic', '0949-1547358', '', 1, 0),
(56, 'Exequil Corino', 'Operations', 2, 'CENPRI-S-1029', NULL, 'Engine Room Operator', '0920-6995646', '', 1, 0),
(57, 'Juanito Dagupan', 'Operations', 2, 'CENPRI-S-1060', NULL, 'Operation Shift Supervisor', '0918-6438993', '', 1, 0),
(58, 'Julyn May Divinagracia', 'HR/Admin', 2, 'CENPRI-S-1062', NULL, 'Admin Assistant', '0930-1553296/0916-6984461', '', 1, 0),
(59, 'Melfa Duis', 'Purchasing', 2, 'CENPRI-S-1016', NULL, 'Purchasing Assistant', '0927-4597157', '', 1, 0),
(60, 'Jerson Factolerin', 'HR/Admin', 2, 'CENPRI-S-1054', NULL, 'Utility', '0932-5420679', '', 1, 0),
(61, 'Julius Fernandez', 'Operations', 2, 'CENPRI-S-1061', NULL, 'Auxiliary Operator', '0918-2685507', '', 1, 0),
(62, 'Luisito Fortuno', 'Operations', 2, 'CENPRI-S-1007', NULL, 'Auxiliary Operator', '0908-3317408', '', 1, 0),
(63, 'Donna Gellada', 'Warehouse', 2, 'CENPRI-S-1025', NULL, 'Parts Inventory  Assistant', '0916-2779697', 'donna7.cenpri@gmail.com', 1, 0),
(64, 'Felipe, III Globert', 'Warehouse', 2, 'CENPRI-S-1034', NULL, 'Warehouse Assistant', '0948-7024664', '', 1, 0),
(65, 'Mikko Golvio', 'Electrical & Instrumentation', 2, 'CENPRI-S-1019', NULL, 'E&IC Technician', '0930-9363013', '', 1, 0),
(66, 'Eric Jabiniar', 'Management', 2, 'CENPRI-S-1028', NULL, 'Plant Director', '0917-8607244', '', 1, 0),
(67, 'Jushkyle Jambongana', 'IT Department', 2, 'CENPRI-S-1063', NULL, 'IT Assistant', '0912-3867454', '', 1, 0),
(68, 'Bobby  Jardiniano', 'HR/Admin', 2, 'CENPRI-S-1010', NULL, 'Service Vehicle Driver', '0933-3388374', '', 1, 0),
(69, 'Stephen Jardinico', 'Warehouse', 2, 'CENPRI-S-1046', NULL, 'Warehouse Assistant', '0912 922 1944', '', 1, 0),
(70, 'Joey Labanon', 'Operations', 2, 'CENPRI-S-1057', NULL, 'Auxiliary Operator Trainee', '0910-5787327', '', 1, 0),
(71, 'Roan Renz Liao', 'Warehouse', 2, 'CENPRI-S-1033', NULL, 'Parts Engineer', '0925-4887286', '', 1, 0),
(72, 'Gino Lovico', 'Machine Shop and Reconditioning', 2, 'CENPRI-S-1045', NULL, 'Foreman (Machine Shop & Recon)', '0999-8143307', '', 1, 0),
(73, 'Ricky Madeja', 'Admin', 2, 'CENPRI-S-1031', NULL, 'Safety Officer', '0918-6268028', '', 1, 0),
(74, 'Danilo Maglinte', 'Operations', 2, 'CENPRI-S-1020', NULL, 'Engine Room Operator', '0935-4046632', '', 1, 0),
(75, 'Alex Manilla Jr.', 'Fuel Management', 2, 'CENPRI-S-1001', NULL, 'Fuel Tender', '0999-7353561', '', 1, 0),
(76, 'Concordio Matuod', 'Electrical Department', 2, 'CENPRI-S-1015', NULL, 'Project Consultant', '0915-326-1829', '', 1, 0),
(77, 'Genielyne Mondejar', 'Admin', 2, 'CENPRI-S-1044', NULL, 'Pollution Control Officer  ', '0912-5356230', '', 1, 0),
(78, 'Francis Montero', 'Mechanical Maintenance', 2, 'CENPRI-S-1037', NULL, 'Plant Mechanic', '0918-2063492', '', 1, 0),
(79, 'Andro Ortega', 'Operations', 2, 'CENPRI-S-1005', NULL, 'Shift Supervisor Trainee', '0932-2400663', '', 1, 0),
(80, 'Joselito Panes', 'Mechanical Maintenance', 2, 'CENPRI-S-1059', NULL, 'Plant Mechanic', '0929-2629467', '', 1, 0),
(81, 'Nonito Pocong', 'Operations', 2, 'CENPRI-S-1021', NULL, 'Control Room Operator', '0933-6159620', '', 1, 0),
(82, 'Mario Dante Purisima', 'Operations', 2, 'CENPRI-S-1012', NULL, 'Shift Supervisor Trainee', '0927-1687549', '', 1, 0),
(83, 'Romeo Quiocson Jr.', 'Special Projects', 2, 'CENPRI-S-1036', NULL, 'Technical Assistant', '0927-6537369', '', 1, 0),
(84, 'Lawrence Vincent Roiles', 'Electrical & Instrumentation', 2, 'CENPRI-S-1002', NULL, 'E&IC Technician', '0936-6568781', '', 1, 0),
(85, 'Roy Sabit', 'Operations', 2, 'CENPRI-S-1038', NULL, 'Control Room Operator', '0947-9916563', '', 1, 0),
(86, 'Robert Sabando', 'Special Projects', 2, 'CENPRI-S-1053', NULL, 'Project Consultant', '0927-741-1950', '', 1, 0),
(87, 'Godfrey Stephen Samano', 'Operations', 2, 'CENPRI-S-1047', NULL, 'O&M Superintendent', '0908-6094932', '', 1, 0),
(88, 'Kennah Sasamoto', 'Testing Group', 2, 'CENPRI-S-1065', NULL, 'Test  Engineer', '0977-7842536', '', 1, 0),
(89, 'Iris Sixto', 'Admin', 2, 'CENPRI-S-1051', NULL, 'Site Facilities Supervisor', '0948-2732052', '', 1, 0),
(90, 'Kelwin Sarcauga', 'Operations', 2, 'CENPRI-S-1064', NULL, 'Engine Room Operator Trainee', '0932-1253131', '', 1, 0),
(91, 'Ranie Tabanao', '0', 2, 'CENPRI-S-1022', NULL, '0', '0', '', 1, 0),
(92, 'Alexander Tagarda', 'Operations', 2, 'CENPRI-S-1003', NULL, 'Control Room Operator', '0936-2138490', '', 1, 0),
(93, 'Ariel Tandoy', 'Warehouse', 2, 'CENPRI-S-1008', NULL, 'Driver', '0915-9555253', '', 1, 0),
(94, 'Ryan Tignero', 'Operations', 2, 'CENPRI-S-1043', NULL, 'Shift Supervisor Trainee', '0927-2885847', '', 1, 0),
(95, 'Elmer Torrijos', 'Mechanical Maintenance', 2, 'CENPRI-S-1027', NULL, 'Mechanical Maintenance Supervisor / Equipment & Parts Engr.', '0999 677 8341', '', 1, 0),
(96, 'Democrito Urnopia', 'Mechanical Maintenance', 2, 'CENPRI-S-1024', NULL, 'Plant Mechanic', '0930-8736393', '', 1, 0),
(97, 'Jobelle Villarias', 'Admin', 2, 'CENPRI-S-1055', NULL, 'Company Nurse', '0917-1595665', '', 1, 0),
(98, 'Melinda Aquino', 'Accounting', 2, 'CENPRI-S-1017', NULL, 'Accounting Assistant/ Bookkeeper', '0949-3005-813', '', 1, 0),
(99, 'Irish Dawn Torres', 'Admin', 2, 'CENPRI-S-1052', NULL, 'Site Admin Officer', '0932-8657926', '', 1, 0),
(100, 'Vincent Jed Depasupil', 'Operations', 2, 'CENPRI-S-1049', NULL, 'Auxiliary Operator', '', '', 1, 0),
(101, 'William Soltes', '', 2, 'CENPRI-S-1050', NULL, '', '', '', 1, 0),
(115, 'Silena Jomiller', 'Admin Department', 1, 'CENPRI-B-1025', NULL, 'Field Research Associate', NULL, NULL, 1, 0),
(118, 'Carlos Antonio Leonardia', 'Renewable Energy Department', 1, 'CENPRI-B-1008', NULL, 'Senior Project Engineer', NULL, NULL, 1, 0),
(119, 'Liza Marie Tasic', 'Shoppers Guide', 1, 'CENPRI-B-1002', NULL, '', NULL, NULL, 1, 0),
(120, 'Adrian Nemes', 'Shoppers Guide', 1, 'CENPRI-B-1001', NULL, '', NULL, NULL, 1, 0),
(121, 'IT Department', NULL, 1, 'CENPRI-B-1039', NULL, NULL, NULL, NULL, 2, 0),
(122, 'EMG-Billing', NULL, 1, 'CENPRI-B-1040', NULL, NULL, NULL, NULL, 2, 0),
(123, 'Board Room', NULL, 1, 'CENPRI-B-1041', NULL, NULL, NULL, NULL, 2, 0),
(124, 'Ladi Bacong', 'Shoppers Guide', 1, 'CENPRI-B-1042', NULL, '', NULL, NULL, 1, 0),
(125, 'Angelika Caballero', 'Shoppers Guide', 1, 'CENPRI-B-1043', NULL, '', NULL, NULL, 1, 0),
(126, 'Accounting Department', NULL, 1, 'CENPRI-B-1044', NULL, NULL, NULL, NULL, 2, 0),
(127, 'HR Department', NULL, 1, 'CENPRI-B-1045', NULL, NULL, NULL, NULL, 2, 0),
(128, 'Prency Francisco', 'HR/Admin', 1, 'CENPRI-B-1046', NULL, 'Admin Assistant Trainee', NULL, NULL, 1, 0),
(129, 'Rose Brenette Gaudite', 'Admin', 1, 'CENPRI-B-1047', NULL, '', NULL, NULL, 1, 0),
(130, 'Trading Department', NULL, 1, 'CENPRI-B-1048', NULL, NULL, NULL, NULL, 2, 0),
(131, 'Rowena Ricarse', 'Trading Department', 1, 'CENPRI-B-1049', NULL, '', NULL, NULL, 1, 0),
(132, 'Glenn Paul Toledo', 'IT Department', 1, 'CENPRI-B-1050', NULL, 'IT Encoder', NULL, NULL, 1, 0),
(133, 'Aileen Tamano', 'HR/Admin', 1, 'CENPRI-B-1051', NULL, '', NULL, NULL, 1, 0),
(134, 'Ivy Aizpuro', 'Finance', 1, 'CENPRI-B-1052', NULL, 'Finance Assistant', NULL, NULL, 1, 0),
(135, 'Purchasing Department', NULL, 1, 'CENPRI-B-1053', NULL, NULL, NULL, NULL, 2, 0),
(136, 'Engineering', NULL, 1, 'CENPRI-B-1054', NULL, NULL, NULL, NULL, 2, 0),
(137, 'Joshua Rey Diocson', 'Yooreka', 1, 'CENPRI-B-1055', NULL, '', NULL, NULL, 1, 0),
(138, 'Butch C. Dujenio', 'Shoppers Guide', 1, 'CENPRI-B-1056', NULL, 'Field Researcher Associate', NULL, NULL, 1, 0),
(139, 'Ladylyn Salavante', 'Finance', 1, 'CENPRI-B-1057', NULL, 'Finance Assistant', NULL, NULL, 1, 0),
(140, 'Crizeal Precious Claire Hilado', 'Renewable Energy Department', 1, 'CENPRI-B-1058', NULL, 'Renewable Energy Project Assistant Trainee', NULL, NULL, 1, 0),
(141, 'Sherny Mago', 'Accounting', 1, 'CENPRI-B-1059', NULL, 'Bookeeping Assistant', NULL, NULL, 1, 0),
(142, 'Ruth Jan Destacamento', 'Accounting', 1, 'CENPRI-B-1060', NULL, 'Internal Auditor', NULL, NULL, 1, 0),
(143, 'Julius Pangilinan', 'Electrical', 2, 'CENPRI-S-1066', NULL, 'Senior Test Engineer', NULL, NULL, 1, 0),
(144, 'Nelson Abas', 'Electrical', 2, 'CENPRI-S-1067', NULL, 'Generator Specialist', NULL, NULL, 1, 0),
(145, 'Dinah Estoria', 'Trading', 1, 'CENPRI-B-1061', NULL, 'Trader Trainee', NULL, NULL, 1, 0),
(146, 'Analyn Sulig', 'HR/Admin', 2, 'CENPRI-S-1068', NULL, 'Safety and Security Assistant Trainee', NULL, NULL, 1, 0),
(147, 'Babylyn Providencia', 'HR/Admin', 1, 'CENPRI-B-1062', NULL, 'HR Assistant', NULL, NULL, 1, 0),
(148, 'Donna Tolentino', 'Trading', 1, 'CENPRI-B-1063', NULL, 'Trader Trainee', NULL, NULL, 1, 0),
(149, 'Alma Lucerna', '', 1, 'CENPRI-B-1064', NULL, '', NULL, NULL, 1, 0),
(150, 'Beatrice Faye Lee', 'ShoppersGuide', 1, 'CENPRI-B-1065', NULL, 'Marketing Assistant', NULL, NULL, 1, 0),
(151, 'Heziel Aplaon', 'Accounting', 1, 'CENPRI-B-1066', NULL, 'Accounting Assistant', NULL, NULL, 1, 0);

-- --------------------------------------------------------

--
-- Table structure for table `employee_inclusion`
--

CREATE TABLE IF NOT EXISTS `employee_inclusion` (
`ei_id` int(11) NOT NULL,
  `parent_id` int(11) NOT NULL DEFAULT '0',
  `child_id` int(11) NOT NULL DEFAULT '0'
) ENGINE=InnoDB AUTO_INCREMENT=23 DEFAULT CHARSET=latin1;

--
-- Dumping data for table `employee_inclusion`
--

INSERT INTO `employee_inclusion` (`ei_id`, `parent_id`, `child_id`) VALUES
(1, 121, 36),
(2, 121, 3),
(3, 121, 14),
(4, 121, 31),
(5, 122, 15),
(6, 122, 17),
(7, 127, 0),
(8, 127, 35),
(9, 127, 33),
(10, 127, 13),
(11, 130, 11),
(12, 130, 2),
(13, 130, 18),
(14, 130, 24),
(15, 130, 38),
(16, 130, 30),
(17, 123, 33),
(18, 135, 4),
(19, 135, 6),
(20, 136, 118),
(21, 136, 149),
(22, 136, 140);

-- --------------------------------------------------------

--
-- Table structure for table `employee_series`
--

CREATE TABLE IF NOT EXISTS `employee_series` (
`empser_id` int(11) NOT NULL,
  `aaf_prefix` varchar(100) DEFAULT NULL,
  `series` int(11) NOT NULL DEFAULT '0'
) ENGINE=InnoDB AUTO_INCREMENT=146 DEFAULT CHARSET=latin1;

--
-- Dumping data for table `employee_series`
--

INSERT INTO `employee_series` (`empser_id`, `aaf_prefix`, `series`) VALUES
(1, 'CENPRI-S', 1001),
(2, 'CENPRI-B', 1001),
(3, 'CENPRI-S', 1002),
(4, 'CENPRI-S', 1003),
(5, 'CENPRI-B', 1002),
(6, 'CENPRI-S', 1004),
(7, 'CENPRI-S', 1005),
(8, 'CENPRI-S', 1006),
(9, 'CENPRI-B', 1003),
(10, 'CENPRI-S', 1007),
(11, 'CENPRI-S', 1008),
(12, 'CENPRI-B', 1004),
(13, 'CENPRI-S', 1009),
(14, 'CENPRI-B', 1005),
(15, 'CENPRI-S', 1010),
(16, 'CENPRI-B', 1006),
(17, 'CENPRI-B', 1007),
(18, 'CENPRI-S', 1011),
(19, 'CENPRI-S', 1012),
(20, 'CENPRI-B', 1008),
(21, 'CENPRI-S', 1013),
(22, 'CENPRI-S', 1014),
(23, 'CENPRI-B', 1009),
(24, 'CENPRI-B', 1010),
(25, 'CENPRI-B', 1011),
(26, 'CENPRI-B', 1012),
(27, 'CENPRI-S', 1015),
(28, 'CENPRI-S', 1016),
(29, 'CENPRI-B', 1013),
(30, 'CENPRI-S', 1017),
(31, 'CENPRI-B', 1014),
(32, 'CENPRI-S', 1018),
(33, 'CENPRI-B', 1015),
(34, 'CENPRI-S', 1019),
(35, 'CENPRI-B', 1016),
(36, 'CENPRI-S', 1020),
(37, 'CENPRI-S', 1021),
(38, 'CENPRI-S', 1022),
(39, 'CENPRI-S', 1023),
(40, 'CENPRI-B', 1017),
(41, 'CENPRI-S', 1024),
(42, 'CENPRI-S', 1024),
(43, 'CENPRI-S', 1025),
(44, 'CENPRI-S', 1026),
(45, 'CENPRI-B', 1018),
(46, 'CENPRI-S', 1027),
(47, 'CENPRI-B', 1019),
(48, 'CENPRI-S', 1028),
(49, 'CENPRI-B', 1020),
(50, 'CENPRI-S', 1029),
(51, 'CENPRI-S', 1030),
(52, 'CENPRI-B', 1021),
(53, 'CENPRI-S', 1031),
(54, 'CENPRI-S', 1032),
(55, 'CENPRI-S', 1033),
(56, 'CENPRI-S', 1034),
(57, 'CENPRI-S', 1034),
(58, 'CENPRI-S', 1035),
(59, 'CENPRI-S', 1036),
(60, 'CENPRI-S', 1037),
(61, 'CENPRI-B', 1022),
(62, 'CENPRI-B', 1023),
(63, 'CENPRI-S', 1038),
(64, 'CENPRI-S', 1039),
(65, 'CENPRI-S', 1040),
(66, 'CENPRI-S', 1041),
(67, 'CENPRI-S', 1042),
(68, 'CENPRI-B', 1024),
(69, 'CENPRI-S', 1043),
(70, 'CENPRI-S', 1044),
(71, 'CENPRI-B', 1025),
(72, 'CENPRI-S', 1045),
(73, 'CENPRI-S', 1046),
(74, 'CENPRI-S', 1047),
(75, 'CENPRI-B', 1026),
(76, 'CENPRI-B', 1027),
(77, 'CENPRI-B', 1028),
(78, 'CENPRI-S', 1048),
(79, 'CENPRI-S', 1049),
(80, 'CENPRI-S', 1050),
(81, 'CENPRI-B', 1029),
(82, 'CENPRI-B', 1030),
(83, 'CENPRI-B', 1031),
(84, 'CENPRI-B', 1032),
(85, 'CENPRI-B', 1033),
(86, 'CENPRI-B', 1034),
(87, 'CENPRI-S', 1051),
(88, 'CENPRI-S', 1051),
(89, 'CENPRI-S', 1052),
(90, 'CENPRI-S', 1053),
(91, 'CENPRI-B', 1035),
(92, 'CENPRI-S', 1054),
(93, 'CENPRI-S', 1055),
(94, 'CENPRI-B', 1036),
(95, 'CENPRI-B', 1037),
(96, 'CENPRI-S', 1056),
(97, 'CENPRI-S', 1057),
(98, 'CENPRI-S', 1058),
(99, 'CENPRI-B', 1038),
(100, 'CENPRI-S', 1059),
(101, 'CENPRI-S', 1060),
(102, 'CENPRI-S', 1061),
(103, 'CENPRI-S', 1062),
(104, 'CENPRI-S', 1063),
(105, 'CENPRI-S', 1064),
(106, 'CENPRI-S', 1065),
(107, 'CENPRI-B', 1039),
(108, 'CENPRI-B', 1040),
(109, 'CENPRI-B', 1041),
(110, 'CENPRI-B', 1042),
(111, 'CENPRI-B', 1043),
(112, 'CENPRI-B', 1044),
(113, 'CENPRI-B', 1045),
(114, 'CENPRI-B', 1046),
(115, 'CENPRI-B', 1047),
(116, 'CENPRI-B', 1048),
(117, 'CENPRI-B', 1049),
(118, 'CENPRI-B', 1050),
(119, 'CENPRI-B', 1051),
(120, 'CENPRI-B', 1052),
(121, 'CENPRI-B', 1053),
(122, 'CENPRI-B', 1052),
(123, 'CENPRI-B', 1054),
(124, 'CENPRI-B', 1025),
(125, 'CENPRI-B', 1055),
(126, 'CENPRI-B', 1056),
(127, 'CENPRI-B', 1057),
(128, 'CENPRI-B', 1008),
(129, 'CENPRI-B', 1058),
(130, 'CENPRI-B', 1059),
(131, 'CENPRI-B', 1060),
(132, 'CENPRI-B', 1060),
(133, 'CENPRI-B', 1059),
(134, 'CENPRI-B', 1058),
(135, 'CENPRI-S', 1066),
(136, 'CENPRI-S', 1067),
(137, 'CENPRI-S', 1066),
(138, 'CENPRI-B', 1061),
(139, 'CENPRI-S', 1068),
(140, 'CENPRI-B', 1062),
(141, 'CENPRI-B', 1063),
(142, 'CENPRI-B', 1064),
(143, 'CENPRI-B', 1065),
(144, 'CENPRI-B', 1066),
(145, 'CENPRI-B', 1067);

-- --------------------------------------------------------

--
-- Table structure for table `et_details`
--

CREATE TABLE IF NOT EXISTS `et_details` (
`ed_id` int(11) NOT NULL,
  `et_id` int(11) NOT NULL DEFAULT '0',
  `set_id` int(11) NOT NULL DEFAULT '0',
  `physical_condition` text,
  `rack_id` int(11) NOT NULL DEFAULT '0',
  `company_id` int(11) NOT NULL DEFAULT '0',
  `placement_id` int(11) NOT NULL DEFAULT '0',
  `serial_no` varchar(50) DEFAULT NULL,
  `brand` varchar(50) DEFAULT NULL,
  `model` varchar(50) DEFAULT NULL,
  `type` varchar(50) DEFAULT NULL,
  `unit_price` decimal(10,2) NOT NULL DEFAULT '0.00',
  `currency` varchar(50) DEFAULT NULL,
  `currency_id` int(11) NOT NULL DEFAULT '0',
  `acquisition_date` varchar(20) DEFAULT NULL,
  `date_issued` varchar(20) DEFAULT NULL,
  `remarks` text,
  `asset_control_no` varchar(50) DEFAULT NULL,
  `damage` int(11) NOT NULL DEFAULT '0',
  `lost` int(11) NOT NULL DEFAULT '0',
  `beyond_repair` int(11) NOT NULL DEFAULT '0',
  `borrowed` int(11) NOT NULL DEFAULT '0',
  `acquired_by` varchar(50) DEFAULT NULL,
  `picture1` varchar(255) DEFAULT NULL,
  `picture2` varchar(255) DEFAULT NULL,
  `picture3` varchar(255) DEFAULT NULL,
  `change_location` int(11) NOT NULL DEFAULT '0',
  `location_id` int(11) NOT NULL DEFAULT '0'
) ENGINE=InnoDB AUTO_INCREMENT=337 DEFAULT CHARSET=latin1;

--
-- Dumping data for table `et_details`
--

INSERT INTO `et_details` (`ed_id`, `et_id`, `set_id`, `physical_condition`, `rack_id`, `company_id`, `placement_id`, `serial_no`, `brand`, `model`, `type`, `unit_price`, `currency`, `currency_id`, `acquisition_date`, `date_issued`, `remarks`, `asset_control_no`, `damage`, `lost`, `beyond_repair`, `borrowed`, `acquired_by`, `picture1`, `picture2`, `picture3`, `change_location`, `location_id`) VALUES
(1, 1, 0, '0', 0, 0, 0, 'IT20190049', 'Samsung', '', '', '0.00', NULL, 0, '', '', 'Remove 2GB RAM and change RAM to 4GB PC3-12800 CL11240 - Pin DIMM (KVR16N11/4) 740617140743.', 'FFE- COMP-BCD-1001', 0, 0, 0, 0, '', '', '', '', 0, 0),
(2, 2, 0, '0', 0, 0, 0, 'ZZDGH4LG801159E', 'Samsung', 'S24E310', 'LS24E310', '0.00', NULL, 0, '', '', '', 'FFE- COMP-BCD-1002', 0, 0, 0, 0, '', '', '', '', 0, 0),
(3, 3, 0, '0', 0, 0, 0, 'IT20190098', 'A4Tech', 'KRS-83', '', '0.00', NULL, 0, '', '', '', 'FFE- COMP-BCD-1003', 0, 0, 0, 0, '', '', '', '', 0, 0),
(4, 5, 0, '0', 0, 0, 0, 'IT20190395', 'A4Tech', 'OP-720', '', '0.00', NULL, 0, '', '', '', 'FFE- COMP-BCD-1004', 0, 0, 0, 0, '', '', '', '', 0, 0),
(5, 4, 1, '0', 0, 0, 0, 'J6N0GR03E693245', 'Asus', 'Asus VivoBook X540B', '', '0.00', NULL, 0, '2019-04-16', '2019-04-17', '', 'FFE- COMP-BCD-1004', 0, 0, 0, 0, 'Silicon Valley', '', '', '', 0, 0),
(6, 6, 0, '0', 0, 0, 0, 'IT20190350', 'SECURE', '', '', '0.00', NULL, 0, '', '2019-09-09', '', 'FFE- COMP-BCD-1005', 0, 0, 0, 0, '', '', '', '', 0, 0),
(7, 7, 0, '0', 0, 0, 0, 'IT20190117', 'LOYFUN', '', '', '0.00', NULL, 0, '', '', '', 'FFE- COMP-BCD-1006', 0, 0, 0, 0, '', '', '', '', 0, 0),
(8, 8, 1, '0', 0, 0, 0, '0A001-00444700', 'Asus', 'PA-1650-33', '', '0.00', NULL, 0, '2019-04-16', '2019-04-17', '', 'FFE- COMP-BCD-1007', 0, 0, 0, 0, 'Silicon Valley', '', '', '', 0, 0),
(9, 9, 0, '0', 0, 0, 0, 'IT20190054', 'Neutron Lite', '', '', '0.00', NULL, 0, '', '', '', 'FFE- COMP-BCD-1008', 0, 0, 0, 0, '', '', '', '', 0, 0),
(10, 11, 0, '0', 0, 0, 0, 'IT20190342', 'SECURE', '', '', '0.00', NULL, 0, '', '', '', 'FFE- COMP-BCD-1009', 0, 0, 0, 0, '', '', '', '', 0, 0),
(11, 12, 0, '0', 0, 0, 0, 'ZH2013100005973', 'Rise', '', '', '0.00', NULL, 0, '', '', '', 'FFE- COMP-BCD-1010', 0, 0, 0, 0, '', '', '', '', 0, 0),
(12, 10, 0, '0', 0, 0, 0, '18104946', 'Cliptec', 'RZS842', '', '0.00', NULL, 0, '2019-04-16', '', 'Free', 'FFE- COMP-BCD-1009', 1, 0, 0, 0, 'Silicon Valley', '', '', '', 0, 0),
(13, 13, 3, '0', 0, 0, 0, 'IT20190019', 'Optical', '', '', '0.00', NULL, 0, '', '', '', 'FFE- COMP-BCD-1011', 1, 0, 0, 0, '', '', '', '', 0, 0),
(14, 14, 0, '0', 0, 0, 0, 'VHAK028956', 'EPSON', 'L365', '', '0.00', NULL, 0, '', '', '', 'FFE-EQU-BCD-1001', 0, 0, 0, 0, '', '', '', '', 0, 0),
(15, 16, 0, '0', 0, 0, 0, '65UHD200A031700267', 'Devant', '', '', '0.00', NULL, 0, '', '', '', 'FFE- COMP-BCD-1012', 0, 0, 0, 0, '', '', '', '', 0, 0),
(16, 15, 0, '0', 0, 0, 0, 'TAD-SDCZ50', 'SanDisk', 'Cruzer Blade', '', '0.00', NULL, 0, '2019-04-16', '2019-08-30', 'Free', 'FFE-EQU-BCD-1002', 0, 0, 0, 0, 'Silicon Valley', '', '', '', 0, 0),
(17, 17, 0, '0', 0, 0, 0, '2177152001525', 'TP-LINK', 'Archer C2', '', '0.00', NULL, 0, '', '', '', 'FFE- COMP-BCD-1013', 0, 0, 0, 0, '', '', '', '', 0, 0),
(18, 18, 0, '0', 0, 0, 0, 'J5NDCX11W504217', 'ASUS', 'X510U', '', '0.00', NULL, 0, '', '', '', 'FFE- COMP-BCD-1014', 0, 0, 0, 0, '', '', '', '', 0, 0),
(19, 20, 0, '0', 0, 0, 0, '0A001-00447100', 'ASUS', 'W15-065NIA', '', '0.00', NULL, 0, '', '', '', 'FFE- COMP-BCD-1015', 0, 0, 0, 0, '', '', '', '', 0, 0),
(20, 19, 4, '0', 0, 0, 0, '241610328295BX', 'Emerson', 'PSA-60BX', '', '0.00', NULL, 0, '2019-04-16', '2019-04-17', 'Free', 'FFE- COMP-BCD-1015', 0, 0, 0, 0, 'Silicon Valley', '', '', '', 0, 0),
(21, 21, 0, '0', 0, 0, 0, 'IT20190164', 'Manhattan', '179416', '', '0.00', NULL, 0, '', '', '', 'FFE- COMP-BCD-1016', 0, 0, 0, 0, '', '', '', '', 0, 0),
(22, 22, 0, '0', 0, 0, 0, '8886411908010', 'SoniEar / Quatro 2', '', '', '0.00', NULL, 0, '', '', '', 'FFE- COMP-BCD-1017', 0, 0, 0, 0, '', '', '', '', 0, 0),
(23, 23, 0, '0', 0, 0, 0, '9B1805A02119', 'APC', 'BX65OLI-MS', '', '0.00', NULL, 0, '', '', '', 'FFE- COMP-BCD-1018', 0, 0, 0, 0, '', '', '', '', 0, 0),
(24, 24, 0, '0', 0, 0, 0, 'IT20190099', 'Fortress', '', '', '0.00', NULL, 0, '', '', '', 'FFE- COMP-BCD-1019', 0, 0, 0, 0, '', '', '', '', 0, 0),
(25, 25, 0, '0', 0, 0, 0, 'PE1804019190', 'A4Tech', 'KRS-85', '', '0.00', NULL, 0, '', '', '', 'FFE- COMP-BCD-1020', 0, 0, 0, 0, '', '', '', '', 0, 0),
(26, 26, 0, '0', 0, 0, 0, 'IT20190245', 'Delux', 'M136', '', '0.00', NULL, 0, '', '', '', 'FFE- COMP-BCD-1021', 0, 0, 0, 0, '', '', '', '', 0, 0),
(27, 27, 0, '0', 0, 0, 0, '9B1817A29252', 'APC', '', '', '0.00', NULL, 0, '', '', '', 'FFE- COMP-BCD-1022', 0, 0, 0, 0, '', '', '', '', 0, 0),
(28, 28, 0, '0', 0, 0, 0, 'ANII31AO23736', 'AOC', 'E970Sw', '', '0.00', NULL, 0, '', '', '', 'FFE- COMP-BCD-1023', 0, 0, 0, 0, '', '', '', '', 0, 0),
(29, 29, 0, '0', 0, 0, 0, 'IT20190176', '', '', '', '0.00', NULL, 0, '', '2019-10-21', '', 'FFE- COMP-BCD-1024', 0, 0, 0, 0, '', '', '', '', 0, 0),
(30, 30, 0, '0', 0, 0, 0, 'IT20190175', 'Kisonli', '', '', '0.00', NULL, 0, '', '', '', 'FFE- COMP-BCD-1025', 0, 0, 0, 0, '', '', '', '', 0, 0),
(31, 31, 0, '0', 0, 0, 0, 'ZH2014110370', 'Xtyle', '', '', '0.00', NULL, 0, '', '', '', 'FFE- COMP-BCD-1026', 0, 0, 0, 0, '', '', '', '', 0, 0),
(32, 33, 0, '0', 0, 0, 0, 'IT20190090', 'A4Tech', 'OP-62D', '', '0.00', NULL, 0, '', '2019-10-21', '', 'FFE- COMP-BCD-1027', 0, 0, 0, 0, '', '', '', '', 0, 0),
(33, 34, 0, '0', 0, 0, 0, 'HNWX8101532300588', 'HKC', '1876B', '', '0.00', NULL, 0, '', '2019-10-21', '', 'FFE- COMP-BCD-1028', 0, 0, 0, 0, '', '', '', '', 0, 0),
(34, 32, 0, '0', 0, 0, 0, 'IT20190344', 'Delux', 'K6010', '', '0.00', NULL, 0, '', '', '', 'FFE- COMP-BCD-1027', 0, 0, 0, 0, '', '', '', '', 0, 0),
(35, 35, 0, '0', 0, 0, 0, 'IT20190322', 'SECURE', '', '', '0.00', NULL, 0, '', '', '', 'FFE- COMP-BCD-1029', 0, 0, 0, 0, '', '', '', '', 0, 0),
(36, 36, 0, '0', 0, 0, 0, 'DNR-TMARK1215T', 'Delux', '', '', '0.00', NULL, 0, '', '', '', 'FFE- COMP-BCD-1030', 0, 0, 0, 0, '', '', '', '', 0, 0),
(37, 37, 0, '0', 0, 0, 0, '5051INUB23174', 'LG', '', '', '0.00', NULL, 0, '', '', '', 'FFE- COMP-BCD-1031', 0, 0, 0, 0, '', '', '', '', 0, 0),
(38, 38, 0, '0', 0, 0, 0, 'PB654MAWGK7AE71', 'Toshiba', 'TECRA A50-A Series', '', '0.00', NULL, 0, '', '', '', 'FFE- COMP-BCD-1031', 0, 0, 0, 0, '', '', '', '', 0, 0),
(39, 39, 0, '0', 0, 0, 0, 'PH1808038722', 'A4Tech', 'OP-720', '', '0.00', NULL, 0, '', '', '', 'FFE- COMP-BCD-1032', 0, 0, 0, 0, '', '', '', '', 0, 0),
(40, 40, 0, '0', 0, 0, 0, 'IT20190359', 'Kisonli', '', '', '0.00', NULL, 0, '', '', '', 'FFE- COMP-BCD-1032', 0, 0, 0, 0, '', '', '', '', 0, 0),
(41, 41, 0, '0', 0, 0, 0, 'TO214030017672A', 'Toshiba', '', '', '0.00', NULL, 0, '', '', '', 'FFE- COMP-BCD-1033', 0, 0, 0, 0, '', '', '', '', 0, 0),
(42, 42, 0, '0', 0, 0, 0, 'IT20190394', 'Secure', '', '', '0.00', NULL, 0, '', '', '', 'FFE- COMP-BCD-1034', 0, 0, 0, 0, '', '', '', '', 0, 0),
(43, 43, 0, '0', 0, 0, 0, 'IT20190343', 'Orion', '', '', '0.00', NULL, 0, '', '', '', 'FFE- COMP-BCD-1035', 0, 0, 0, 0, '', '', '', '', 0, 0),
(44, 44, 0, '0', 0, 0, 0, 'IT20190345', 'Samsung', '', '', '0.00', NULL, 0, '', '', '', 'FFE- COMP-BCD-1036', 0, 0, 0, 0, 'Bacolod Sure Computer, Inc.', '', '', '', 0, 0),
(45, 45, 0, '0', 0, 0, 0, 'OLU4HTKG300232D', 'Samsung', 'S22E390H', '', '0.00', NULL, 0, '', '', '', 'FFE- COMP-BCD-1036', 0, 0, 0, 0, '', '', '', '', 0, 0),
(46, 47, 0, '0', 0, 0, 0, 'DBS302V1411005652', 'JIZZ', 'S302V', '', '0.00', NULL, 0, '', '', '', 'FFE- COMP-BCD-1037', 0, 0, 0, 0, '', '', '', '', 0, 0),
(47, 46, 0, '0', 0, 0, 0, 'IT20190338', 'TP-Link', '', '', '0.00', NULL, 0, '', '', '', 'FFE- COMP-BCD-1037', 0, 0, 0, 0, '', '', '', '', 0, 0),
(48, 48, 0, '0', 0, 0, 0, 'IT20190373', 'A4Tech', 'OP-720', '', '0.00', NULL, 0, '', '', '', 'FFE- COMP-BCD-1038', 0, 0, 0, 0, '', '', '', '', 0, 0),
(49, 49, 0, '0', 0, 0, 0, 'IT20190053', 'A4Tech', 'KRS-83', '', '0.00', NULL, 0, '', '', '', 'FFE- COMP-BCD-1039', 0, 0, 0, 0, '', '', '', '', 0, 0),
(50, 50, 0, '0', 0, 0, 0, 'APAH41A002236', 'AOC', 'E1670Swu/WM', '', '0.00', NULL, 0, '', '', '', 'FFE- COMP-BCD-1040', 0, 0, 0, 0, '', '', '', '', 0, 0),
(51, 51, 0, '0', 0, 0, 0, 'IT20190062', 'Dausen', '', '', '0.00', NULL, 0, '', '', '', 'FFE- COMP-BCD-1040', 0, 0, 0, 0, '', '', '', '', 0, 0),
(52, 52, 0, '0', 0, 0, 0, '127919', 'Micropulse', '', '', '0.00', NULL, 0, '', '', '', 'FFE- COMP-BCD-1041', 0, 0, 0, 0, '', '', '', '', 0, 0),
(53, 53, 0, '0', 0, 0, 0, 'IT20190207', '', '', '', '0.00', NULL, 0, '', '', '', 'FFE- COMP-BCD-1042', 0, 0, 0, 0, '', '', '', '', 0, 0),
(54, 54, 0, '0', 0, 0, 0, 'PH1707048733', 'A4tech', 'OP-720', '', '0.00', NULL, 0, '', '', '', 'FFE- COMP-BCD-1043', 0, 0, 0, 0, '', '', '', '', 0, 0),
(55, 55, 0, '0', 0, 0, 0, 'IT20190227', 'Secure', '', '', '0.00', NULL, 0, '', '', '', 'FFE- COMP-BCD-1044', 0, 0, 0, 0, '', '', '', '', 0, 0),
(56, 56, 0, '0', 0, 0, 0, 'IT20190194', 'iLogic', '', '', '0.00', NULL, 0, '', '', '', 'FFE- COMP-BCD-1045', 0, 0, 0, 0, '', '', '', '', 0, 0),
(57, 57, 0, '0', 0, 0, 0, 'IT20190399', 'Powerlogic', 'H81M-S1', '', '0.00', NULL, 0, '', '', '', 'FFE- COMP-BCD-1046', 0, 0, 0, 0, '', '', '', '', 0, 0),
(58, 58, 0, '0', 0, 0, 0, 'IT20190339', 'ASUS', '', '', '0.00', NULL, 0, '', '2019-05-07', '', 'FFE- COMP-BCD-1046', 0, 0, 0, 0, '', '', '', '', 0, 0),
(59, 59, 0, '0', 0, 0, 0, 'IT20190027', 'TP-Link', '', '', '0.00', NULL, 0, '', '', '', 'FFE- COMP-BCD-1047', 0, 0, 0, 0, '', '', '', '', 0, 0),
(60, 60, 0, '0', 0, 0, 0, '2015050101350', 'SECURE', '', '', '0.00', NULL, 0, '', '2019-05-07', '', 'FFE- COMP-BCD-1048', 0, 0, 0, 0, '', '', '', '', 0, 0),
(61, 61, 0, '0', 0, 0, 0, 'IT20190265', 'Delux', 'M136', '', '0.00', NULL, 0, '', '2019-05-07', '', 'FFE- COMP-BCD-1049', 0, 0, 0, 0, '', '', '', '', 0, 0),
(62, 62, 0, '0', 0, 0, 0, 'K6105J005649', 'Delux', 'K6010', '', '0.00', NULL, 0, '', '2019-05-07', '', 'FFE- COMP-BCD-1050', 0, 0, 0, 0, '', '', '', '', 0, 0),
(63, 63, 3, '0', 0, 0, 0, 'IT20190106', 'LOYFUN', '', '', '0.00', NULL, 0, '', '', '', 'FFE- COMP-BCD-1051', 0, 0, 0, 0, '', '', '', '', 0, 0),
(64, 64, 0, '0', 0, 0, 0, 'ENI5072818837', 'SECURE', '', '', '0.00', NULL, 0, '', '2019-05-07', '', 'FFE- COMP-BCD-1052', 0, 0, 0, 0, '', '', '', '', 0, 0),
(65, 65, 0, '0', 0, 0, 0, 'SMVK006903', 'EPSON', 'L355', '', '0.00', NULL, 0, '', '', '', 'FFE-EQU-BCD-1003', 0, 0, 0, 0, '', '', '', '', 0, 0),
(66, 66, 0, '0', 0, 0, 0, 'IT20190307', 'Powerlogic', 'H81M-S1', '', '0.00', NULL, 0, '', '2019-09-02', '', 'FFE- COMP-BCD-1053', 0, 0, 0, 0, '', '', '', '', 0, 0),
(67, 67, 0, '0', 0, 0, 0, 'IT20190064', 'Kisonli', '', '', '0.00', NULL, 0, '', '2019-09-02', '', 'FFE- COMP-BCD-1054', 0, 0, 0, 0, '', '', '', '', 0, 0),
(68, 69, 4, '0', 0, 0, 0, '0X23BG3380', 'ODROID', '', '', '0.00', NULL, 0, '', '', '', 'FFE- COMP-BCD-1055', 0, 0, 0, 0, '', '', '', '', 0, 0),
(69, 68, 0, '0', 0, 0, 0, 'PH1707048825', 'A4Tech', 'OP-720', '', '0.00', NULL, 0, '', '2019-09-02', '', 'FFE- COMP-BCD-1055', 0, 0, 0, 0, '', '', '', '', 0, 0),
(70, 70, 7, '0', 0, 0, 0, 'IT20190259', 'Logitech', 'M-U0026', '', '0.00', NULL, 0, '', '2020-01-09', '', 'FFE- COMP-BCD-1056', 0, 0, 0, 0, '', '', '', '', 0, 0),
(71, 72, 0, '0', 0, 0, 0, 'ZZEGH4LG700B42A', 'Samsung', 'S22E310H4', '', '0.00', NULL, 0, '', '', '', 'FFE- COMP-BCD-1057', 0, 0, 0, 0, '', '', '', '', 0, 0),
(72, 71, 0, '0', 0, 0, 0, 'PH1707048739', 'A4Tech', 'KRS-83', '', '0.00', NULL, 0, '', '2019-09-02', '', 'FFE- COMP-BCD-1057', 0, 0, 0, 0, '', '', '', '', 0, 0),
(73, 73, 7, '0', 0, 0, 0, '1540SC50ADDB', 'Logitech', 'K120', '', '0.00', NULL, 0, '', '2019-08-06', '', 'FFE- COMP-BCD-1058', 0, 0, 0, 0, '', '', '', '', 0, 0),
(74, 74, 0, '0', 0, 0, 0, 'IT20190248', 'APC', '', '', '0.00', NULL, 0, '', '', '', 'FFE- COMP-BCD-1059', 0, 0, 0, 0, '', '', '', '', 0, 0),
(75, 75, 0, '0', 0, 0, 0, 'KPPH51A005906', 'AOC', '195LM00003', '', '0.00', NULL, 0, '', '2019-09-02', '', 'FFE- COMP-BCD-1060', 0, 0, 0, 0, '', '', '', '', 0, 0),
(76, 76, 0, '0', 0, 0, 0, 'IT20190108', '', '', '', '0.00', NULL, 0, '', '2019-10-18', '', 'FFE- COMP-BCD-1061', 0, 0, 0, 0, '', '', '', '', 0, 0),
(77, 77, 0, '0', 0, 0, 0, 'CN65270AG4', 'HP', 'HP Proliant', '', '0.00', NULL, 0, '', '', '', 'FFE- COMP-BCD-1062', 0, 0, 0, 0, '', '', '', '', 0, 0),
(78, 78, 0, '0', 0, 0, 0, 'ZZD6H4LG801197P', 'Samsung', 'S24E310', 'LS24E310', '0.00', NULL, 0, '', '2019-10-18', '', 'FFE- COMP-BCD-1062', 0, 0, 0, 0, '', '', '', '', 0, 0),
(79, 79, 0, '0', 0, 0, 0, 'IT20190368', 'APC', '', '', '0.00', NULL, 0, '', '', '', 'FFE- COMP-BCD-1063', 0, 0, 0, 0, '', '', '', '', 0, 0),
(80, 80, 0, '0', 0, 0, 0, 'R3FJ3F2004803', 'MyDlink', '', '', '0.00', NULL, 0, '', '', '', 'FFE- COMP-BCD-1064', 0, 0, 0, 0, '', '', '', '', 0, 0),
(81, 81, 0, '0', 0, 0, 0, '252001004683', 'PLDT FIBER', '', '', '0.00', NULL, 0, '', '', '', 'FFE- COMP-BCD-1065', 0, 0, 0, 0, '', '', '', '', 0, 0),
(82, 82, 0, '0', 0, 0, 0, '10A30C67406100', 'LINKSYS', '', '', '0.00', NULL, 0, '', '', '', 'FFE- COMP-BCD-1066', 0, 0, 0, 0, '', '', '', '', 0, 0),
(83, 83, 0, '0', 0, 0, 0, 'IT20190105', '', '', '', '0.00', NULL, 0, '', '', '', 'FFE- COMP-BCD-1067', 0, 0, 0, 0, '', '', '', '', 0, 0),
(84, 84, 0, '0', 0, 0, 0, 'IT20190185', '', '', '', '0.00', NULL, 0, '', '', '', 'FFE- COMP-BCD-1068', 0, 0, 0, 0, '', '', '', '', 0, 0),
(85, 85, 0, '0', 0, 0, 0, 'IT20190052', '', '', '', '0.00', NULL, 0, '', '', '', 'FFE- COMP-BCD-1069', 0, 0, 0, 0, '', '', '', '', 0, 0),
(86, 86, 0, '0', 0, 0, 0, 'IT20190046', 'HP', '', '', '0.00', NULL, 0, '', '2019-10-18', '', 'FFE- COMP-BCD-1070', 0, 0, 0, 0, '', '', '', '', 0, 0),
(87, 87, 0, '0', 0, 0, 0, '150502841', 'Cliptee', '', '', '0.00', NULL, 0, '', '2019-10-18', '', 'FFE- COMP-BCD-1071', 0, 0, 0, 0, '', '', '', '', 0, 0),
(88, 88, 0, '0', 0, 0, 0, 'IT20190349', 'Secure', '', '', '0.00', NULL, 0, '', '2019-10-18', '', 'FFE- COMP-BCD-1072', 0, 0, 0, 0, '', '', '', '', 0, 0),
(89, 89, 0, '0', 0, 0, 0, 'IT20190069', 'CD-R King', '', '', '0.00', NULL, 0, '', '2019-10-18', '', 'FFE- COMP-BCD-1073', 0, 0, 0, 0, '', '', '', '', 0, 0),
(90, 90, 0, '0', 0, 0, 0, 'NXGVSSP001820050D57600', 'Acer', 'Aspire E5-476G', '', '0.00', NULL, 0, '', '', '', 'FFE- COMP-BCD-1074', 0, 0, 0, 0, '', '', '', '', 0, 0),
(91, 91, 0, '0', 0, 0, 0, 'IT20190', '', '', '', '0.00', NULL, 0, '', '', '', 'FFE- COMP-BCD-1075', 0, 0, 0, 0, '', '', '', '', 0, 0),
(92, 92, 0, '0', 0, 0, 0, '231701504407', 'ILogic', 'Blazer 720VA', '', '0.00', NULL, 0, '', '2019-09-02', '', 'FFE- COMP-BCD-1076', 0, 0, 0, 0, '', '', '', '', 0, 0),
(93, 93, 0, '0', 0, 0, 0, 'F258351804031267', 'Acer', 'A11-065N1A', '', '0.00', NULL, 0, '', '', '', 'FFE- COMP-BCD-1077', 0, 0, 0, 0, '', '', '', '', 0, 0),
(94, 94, 0, '0', 0, 0, 0, '34201363766', 'Acer', 'Acer Aspire E1-432', '', '0.00', NULL, 0, '', '', '', 'FFE- COMP-BCD-1078', 0, 0, 0, 0, '', '', '', '', 0, 0),
(95, 95, 0, '0', 0, 0, 0, '391W39704RX', 'Acer', 'ADD-40KD BB', '', '0.00', NULL, 0, '', '', '', 'FFE- COMP-BCD-1079', 1, 0, 0, 0, '', '', '', '', 0, 0),
(96, 96, 0, '0', 0, 0, 0, 'IT20190273', 'A4Tech', 'OP-720', '', '0.00', NULL, 0, '', '', '', 'FFE- COMP-BCD-1080', 0, 0, 0, 0, '', '', '', '', 0, 0),
(97, 97, 0, '0', 0, 0, 0, 'TP3K707273', 'Epson', 'L120', '', '0.00', NULL, 0, '', '', '', 'FFE-EQU-BCD-1004', 0, 0, 0, 0, '', '', '', '', 0, 0),
(98, 98, 0, '0', 0, 0, 0, 'IT20190281', '', '', '', '0.00', NULL, 0, '', '', '', 'FFE- COMP-BCD-1081', 0, 0, 0, 0, 'AMT Computer Solutions', '', '', '', 0, 0),
(99, 99, 0, '0', 0, 0, 0, 'HHKE71A000908', 'AOC', 'E1670Swu', '', '0.00', NULL, 0, '', '', '', 'FFE- COMP-BCD-1082', 0, 0, 0, 0, '', '', '', '', 0, 0),
(100, 100, 0, '0', 0, 0, 0, 'IT20190141', 'Xtyle', '', '', '0.00', NULL, 0, '', '', '', 'FFE- COMP-BCD-1083', 0, 0, 0, 0, '', '', '', '', 0, 0),
(101, 101, 0, '0', 0, 0, 0, 'IT20190381', 'Xtyle', 'Xtyle Optical Mouse', '', '0.00', NULL, 0, '', '', '', 'FFE- COMP-BCD-1084', 0, 0, 0, 0, '', '', '', '', 0, 0),
(102, 102, 0, '0', 0, 0, 0, 'IT20190309', 'Xtyle', '', '', '0.00', NULL, 0, '', '', '', 'FFE- COMP-BCD-1085', 0, 0, 0, 0, '', '', '', '', 0, 0),
(103, 103, 0, '0', 0, 0, 0, 'IT20190226', 'Secure', '', '', '0.00', NULL, 0, '', '', '', 'FFE- COMP-BCD-1086', 0, 0, 0, 0, '', '', '', '', 0, 0),
(104, 104, 0, '0', 0, 0, 0, 'IT20190013', 'APC 650', '', '', '0.00', NULL, 0, '', '', '', 'FFE- COMP-BCD-1087', 0, 0, 0, 0, '', '', '', '', 0, 0),
(105, 105, 0, '0', 0, 0, 0, 'IT20190260', 'CD-R King', '', '', '0.00', NULL, 0, '', '', '', 'FFE- COMP-BCD-1088', 0, 0, 0, 0, '', '', '', '', 0, 0),
(106, 106, 0, '0', 0, 0, 0, 'IT20190057', 'Powerlogic', '', '', '0.00', NULL, 0, '', '', '', 'FFE- COMP-BCD-1089', 0, 0, 0, 0, 'AMT Computer Solutions', '', '', '', 0, 0),
(107, 107, 0, '0', 0, 0, 0, '42600622085', 'Acer', 'P166HQL', '', '0.00', NULL, 0, '', NULL, '', 'FFE- COMP-BCD-1090', 0, 0, 0, 1, '', '', '', '', 0, 0),
(108, 108, 0, '0', 0, 0, 0, 'PH1709032216', 'A4Tech', 'KRS-83', '', '0.00', NULL, 0, '', '2019-08-27', '', 'FFE- COMP-BCD-1091', 0, 0, 0, 0, '', '', '', '', 0, 0),
(109, 109, 0, '0', 0, 0, 0, 'IT20190332', 'Delux', 'M136', '', '0.00', NULL, 0, '', '2019-08-27', '', 'FFE- COMP-BCD-1092', 0, 0, 0, 0, '', '', '', '', 0, 0),
(110, 111, 0, '0', 0, 0, 0, '231803501664', 'iLogic', 'Blazer 720VA', '', '0.00', NULL, 0, '', '', '', 'FFE- COMP-BCD-1093', 0, 0, 0, 0, '', '', '', '', 0, 0),
(111, 112, 0, '0', 0, 0, 0, 'IT20190288', '', '', '', '0.00', NULL, 0, '', '', '', 'FFE- COMP-BCD-1094', 0, 0, 0, 0, 'PC REM', '', '', '', 0, 0),
(112, 110, 2, '0', 0, 0, 0, 'ITBCD1033', '', '', '', '0.00', NULL, 0, '', '', '', 'FFE- COMP-BCD-1093', 0, 0, 0, 0, '', '', '', '', 0, 0),
(113, 113, 0, '0', 0, 0, 0, 'GCRF21A002880', 'AOC', 'E1670Swu', '', '0.00', NULL, 0, '', '', '', 'FFE- COMP-BCD-1095', 1, 0, 0, 0, '', '', '', '', 0, 0),
(114, 114, 0, '0', 0, 0, 0, 'PE1711040197', 'A4Tech', 'KRS-85', '', '0.00', NULL, 0, '', '', '', 'FFE- COMP-BCD-1096', 1, 0, 0, 0, '', '', '', '', 0, 0),
(115, 116, 0, '0', 0, 0, 0, 'PE1711040378', 'A4Tech', 'OP-720', '', '0.00', NULL, 0, '', '', '', 'FFE- COMP-BCD-1097', 1, 0, 0, 0, '', '', '', '', 0, 0),
(116, 115, 2, '0', 0, 0, 0, 'ITBCD1113', 'Delux', 'K6010', '', '0.00', NULL, 0, '', '', '', 'FFE- COMP-BCD-1097', 0, 0, 0, 0, '', '', '', '', 0, 0),
(117, 117, 0, '0', 0, 0, 0, '231803501664', 'APC', 'Back UPS 650', '', '0.00', NULL, 0, '', '2019-03-04', '', 'FFE- COMP-BCD-1098', 0, 1, 0, 0, '', '', '', '', 0, 0),
(118, 118, 2, '0', 0, 0, 0, 'ITBCD1110', 'Xtyle', '', '', '0.00', NULL, 0, '', '', '', 'FFE- COMP-BCD-1099', 0, 0, 0, 0, '', '', '', '', 0, 0),
(119, 119, 0, '0', 0, 0, 0, 'IT20190182', '', '', '', '0.00', NULL, 0, '', '', '', 'FFE- COMP-BCD-1099', 0, 0, 0, 0, '', '', '', '', 0, 0),
(120, 120, 0, '0', 0, 0, 0, 'HNDGIIA001432', 'AOC', 'E970Swu', '', '0.00', NULL, 0, '', '', '', 'FFE- COMP-BCD-1100', 0, 0, 0, 0, '', '', '', '', 0, 0),
(121, 121, 0, '0', 0, 0, 0, 'IT20190377', 'Delux', 'K6010', '', '0.00', NULL, 0, '', '', '', 'FFE- COMP-BCD-1101', 0, 0, 0, 0, '', '', '', '', 0, 0),
(122, 122, 0, '0', 0, 0, 0, 'DSS-TMARKS16', 'Delux', '', '', '0.00', NULL, 0, '', '', '', 'FFE- COMP-BCD-1102', 0, 0, 0, 0, '', '', '', '', 0, 0),
(123, 123, 0, '0', 0, 0, 0, '9B1646A05761', 'APC', 'Back UPS 650', '', '0.00', NULL, 0, '', '', '', 'FFE- COMP-BCD-1103', 0, 0, 0, 0, '', '', '', '', 0, 0),
(124, 124, 2, '0', 0, 0, 0, 'KPPH51A005983', 'AOC', '', '', '0.00', NULL, 0, '', '', '', 'FFE- COMP-BCD-1103', 0, 0, 0, 0, '', '', '', '', 0, 0),
(125, 126, 0, '0', 0, 0, 0, '217B148009878', 'TP-Link', 'TL-WN727N', '', '0.00', NULL, 0, '', '', '', 'FFE- COMP-BCD-1104', 0, 0, 0, 0, '', '', '', '', 0, 0),
(126, 127, 0, '0', 0, 0, 0, 'C83A35C39342', 'Tenda', 'W322U', '', '0.00', NULL, 0, '', '', '', 'FFE- COMP-BCD-1104', 0, 0, 0, 0, '', '', '', '', 0, 0),
(127, 128, 0, '0', 0, 0, 0, 'NXV9USP018602033587600', 'Acer', '', '', '0.00', NULL, 0, '', '', '', 'FFE- COMP-BCD-1105', 0, 0, 0, 0, '', '', '', '', 0, 0),
(128, 129, 0, '0', 0, 0, 0, 'M136GX1711000668', 'Delux', 'M136', '', '0.00', NULL, 0, '', '', '', 'FFE- COMP-BCD-1106', 0, 0, 0, 0, '', '', '', '', 0, 0),
(129, 130, 0, '0', 0, 0, 0, '6ARW53908NE', 'Acer', 'ADP-65VH D', '', '0.00', NULL, 0, '', '', '', 'FFE- COMP-BCD-1107', 0, 0, 0, 0, '', '', '', '', 0, 0),
(130, 131, 0, '0', 0, 0, 0, 'KCYH51A002188', 'AOC', '', '', '0.00', NULL, 0, '', '', '', 'FFE- COMP-BCD-1108', 0, 0, 0, 0, '', '', '', '', 0, 0),
(131, 132, 0, '0', 0, 0, 0, 'PE1706021578', 'A4Tech', 'KRS-85', '', '0.00', NULL, 0, '', '', '', 'FFE- COMP-BCD-1109', 0, 0, 0, 0, '', '', '', '', 0, 0),
(132, 133, 0, '0', 0, 0, 0, 'PE1706017064', 'A4Tech', 'OP-720', '', '0.00', NULL, 0, '', '', '', 'FFE- COMP-BCD-1110', 0, 0, 0, 0, '', '', '', '', 0, 0),
(133, 134, 0, '0', 0, 0, 0, 'IT20190068', 'Fortress', '', '', '0.00', NULL, 0, '', '', '', 'FFE- COMP-BCD-1111', 0, 0, 0, 0, '', '', '', '', 0, 0),
(134, 135, 0, '0', 0, 0, 0, 'IT20190134', 'Remark', '', '', '0.00', NULL, 0, '', '', '', 'FFE- COMP-BCD-1112', 0, 0, 0, 0, '', '', '', '', 0, 0),
(135, 136, 0, '0', 0, 0, 0, 'IT20190361', 'Fortress', '', '', '0.00', NULL, 0, '', '', '', 'FFE- COMP-BCD-1113', 0, 0, 0, 0, '', '', '', '', 0, 0),
(136, 137, 0, '0', 0, 0, 0, 'QS3J1E6006617', 'D-Link', 'DWA-123', '', '0.00', NULL, 0, '', '', '', 'FFE- COMP-BCD-1114', 0, 0, 0, 0, '', '', '', '', 0, 0),
(137, 138, 0, '0', 0, 0, 0, 'AU0A1733003873', 'Philips', 'BDM4037UW/71', '', '0.00', NULL, 0, '', '', '', 'FFE- COMP-BCD-1115', 0, 0, 0, 0, '', '', '', '', 0, 0),
(138, 139, 0, '0', 0, 0, 0, 'IT20190314', 'A4Tech', 'KRS-85', '', '0.00', NULL, 0, '', NULL, '', 'FFE- COMP-BCD-1116', 0, 0, 0, 1, '', '', '', '', 0, 0),
(139, 140, 0, '0', 0, 0, 0, 'IT20190160', 'A4Tech', 'OP-720', '', '0.00', NULL, 0, '', '', '', 'FFE- COMP-BCD-1117', 0, 0, 0, 0, '', '', '', '', 0, 0),
(140, 141, 0, '0', 0, 0, 0, 'IT20190329', 'NEC', 'VY24GD-9', '', '0.00', NULL, 0, '', '2020-01-16', '', 'FFE- COMP-BCD-1118', 0, 0, 0, 0, '', '', '', '', 0, 0),
(141, 142, 0, '0', 0, 0, 0, 'IT20190256', 'Orion', '', '', '0.00', NULL, 0, '', '', '', 'FFE- COMP-BCD-1118', 0, 0, 0, 0, '', '', '', '', 0, 0),
(142, 143, 0, '0', 0, 0, 0, '128956', 'Micropulse Persono Series', '', '', '0.00', NULL, 0, '', '', '', 'FFE- COMP-BCD-1119', 0, 0, 0, 0, '', '', '', '', 0, 0),
(143, 144, 0, '0', 0, 0, 0, '9B1549A06964', 'APC', '', '', '0.00', NULL, 0, '', '2019-10-21', '', 'FFE- COMP-BCD-1120', 0, 0, 0, 0, '', '', '', '', 0, 0),
(144, 145, 0, '0', 0, 0, 0, 'AU0A1733003872', 'Philips', 'BDM4037UW/71', '', '0.00', NULL, 0, '', '', '', 'FFE- COMP-BCD-1121', 0, 0, 0, 0, '', '', '', '', 0, 0),
(145, 146, 0, '0', 0, 0, 0, 'IT20190009', 'Cliptec', 'RZK247', '', '0.00', NULL, 0, '', '', '', 'FFE- COMP-BCD-1122', 0, 0, 0, 0, '', '', '', '', 0, 0),
(146, 147, 0, '0', 0, 0, 0, 'PH1703OP62003629', 'A4Tech', '', '', '0.00', NULL, 0, '', '', '', 'FFE- COMP-BCD-1123', 0, 0, 0, 0, '', '', '', '', 0, 0),
(147, 148, 0, '0', 0, 0, 0, 'IT20190021', 'Kisonli', '', '', '0.00', NULL, 0, '', '2019-07-08', '', 'FFE- COMP-BCD-1124', 0, 0, 0, 0, '', '', '', '', 0, 0),
(148, 149, 0, '0', 0, 0, 0, 'IT20190340', 'Orion', '', '', '0.00', NULL, 0, '', '', '', 'FFE- COMP-BCD-1125', 0, 0, 0, 0, '', '', '', '', 0, 0),
(149, 150, 0, '0', 0, 0, 0, '129291', 'Micropulse Persono Series', '', '', '0.00', NULL, 0, '', '', '', 'FFE- COMP-BCD-1126', 0, 0, 0, 0, '', '', '', '', 0, 0),
(150, 151, 0, '0', 0, 0, 0, 'IT20190211', 'APC', '', '', '0.00', NULL, 0, '', '', '', 'FFE- COMP-BCD-1127', 0, 0, 0, 0, '', '', '', '', 0, 0),
(151, 153, 0, '0', 0, 0, 0, 'IT20190036', 'INFINI', '', '', '0.00', NULL, 0, '', '', '', 'FFE- COMP-BCD-1128', 0, 0, 0, 0, '', '', '', '', 0, 0),
(152, 152, 0, '0', 0, 0, 0, '0LU4HTMG200602Z', 'Samsung', 'S22E390H', 'LS22E390', '0.00', NULL, 0, '', '', '', 'FFE- COMP-BCD-1128', 0, 0, 0, 0, '', '', '', '', 0, 0),
(153, 154, 0, '0', 0, 0, 0, 'IT20190124', 'A4Tech', '', '', '0.00', NULL, 0, '', '', '', 'FFE- COMP-BCD-1129', 0, 0, 0, 0, '', '', '', '', 0, 0),
(154, 155, 0, '0', 0, 0, 0, 'IT20190047', 'A4Tech', 'OP-720', '', '0.00', NULL, 0, '', '2020-01-09', '', 'FFE- COMP-BCD-1129', 0, 0, 0, 0, '', '', '', '', 0, 0),
(155, 156, 0, '0', 0, 0, 0, 'IT20190397', 'A4Tech', 'OP-720', '', '0.00', NULL, 0, '', '', '', 'FFE- COMP-BCD-1130', 0, 0, 0, 0, '', '', '', '', 0, 0),
(156, 157, 0, '0', 0, 0, 0, 'IT20190202', 'Orion', '', '', '0.00', NULL, 0, '', '', '', 'FFE- COMP-BCD-1131', 0, 0, 0, 0, '', '', '', '', 0, 0),
(157, 158, 0, '0', 0, 0, 0, 'IT20190082', 'Micropulse Persono Series', '', '', '0.00', NULL, 0, '', '', '', 'FFE- COMP-BCD-1132', 0, 0, 0, 0, '', '', '', '', 0, 0),
(158, 160, 0, '0', 0, 0, 0, '', 'TP-Link', '', '', '0.00', NULL, 0, '', '', '', 'FFE- COMP-BCD-1133', 0, 0, 0, 0, '', '', '', '', 0, 0),
(159, 159, 0, '0', 0, 0, 0, 'IT20190249', 'Secure', '', '', '0.00', NULL, 0, '', '', '', 'FFE- COMP-BCD-1133', 0, 0, 0, 0, '', '', '', '', 0, 0),
(160, 161, 0, '0', 0, 0, 0, 'IT20190126', 'Dausen', '', '', '0.00', NULL, 0, '', '', '', 'FFE- COMP-BCD-1134', 0, 0, 0, 0, '', '', '', '', 0, 0),
(161, 162, 0, '0', 0, 0, 0, 'ANII31A024617', 'AOC', '', '', '0.00', NULL, 0, '', '', '', 'FFE- COMP-BCD-1135', 0, 0, 0, 0, '', '', '', '', 0, 0),
(162, 163, 0, '0', 0, 0, 0, 'PE1804019192', 'A4Tech', 'KRS-85', '', '0.00', NULL, 0, '', '', '', 'FFE- COMP-BCD-1136', 0, 0, 0, 0, '', '', '', '', 0, 0),
(163, 164, 0, '0', 0, 0, 0, 'PE1804020129', 'A4Tech', 'OP-720', '', '0.00', NULL, 0, '', '', '', 'FFE- COMP-BCD-1137', 0, 0, 0, 0, '', '', '', '', 0, 0),
(164, 165, 0, '0', 0, 0, 0, 'IT20190358', 'Fortress', '', '', '0.00', NULL, 0, '', '', '', 'FFE- COMP-BCD-1138', 0, 0, 0, 0, '', '', '', '', 0, 0),
(165, 166, 0, '0', 0, 0, 0, '', 'TP-Link', '', '', '0.00', NULL, 0, '', '', '', 'FFE- COMP-BCD-1139', 0, 0, 0, 0, '', '', '', '', 0, 0),
(166, 167, 0, '0', 0, 0, 0, 'S45K033549', 'Epson', 'L355', 'C462J', '0.00', NULL, 0, '', '', '', 'FFE- COMP-BCD-1140', 0, 0, 0, 0, '', '', '', '', 0, 0),
(167, 168, 0, '0', 0, 0, 0, '06-2015 129230', 'Micropulse', '', '', '0.00', NULL, 0, '', '', '', 'FFE- COMP-BCD-1141', 0, 0, 0, 0, '', '', '', '', 0, 0),
(168, 169, 0, '0', 0, 0, 0, '9803761DB', 'NEC', 'ADP-90YB E', '', '0.00', NULL, 0, '', '2020-01-16', '', 'FFE- COMP-BCD-1142', 0, 0, 0, 0, '', '', '', '', 0, 0),
(169, 170, 0, '0', 0, 0, 0, '602W03505VDA', 'Delta Electronics, Inc.', 'ADP-65HB BB', '', '0.00', NULL, 0, '', '2019-07-01', '', 'FFE- COMP-BCD-1143', 0, 0, 0, 0, '', '', '', '', 0, 0),
(170, 172, 0, '0', 0, 0, 0, 'GHC1411300372', 'Xtyle', '', '', '0.00', NULL, 0, '', '', '', 'FFE- COMP-BCD-1144', 0, 0, 0, 0, '', '', '', '', 0, 0),
(171, 173, 0, '0', 0, 0, 0, 'IT20190263', 'Secure', '', '', '0.00', NULL, 0, '', '', '', 'FFE- COMP-BCD-1145', 0, 0, 0, 0, '', '', '', '', 0, 0),
(172, 174, 0, '0', 0, 0, 0, 'NXMN6SP0012440E8547600', 'Acer', 'E5-471 Series', '', '0.00', NULL, 0, '', '2020-01-09', '', 'FFE- COMP-BCD-1146', 0, 0, 0, 0, '', '', '', '', 0, 0),
(173, 175, 0, '0', 0, 0, 0, 'IT20190173', 'Toshiba', 'dynabook R634/K', '', '0.00', NULL, 0, '', '', '', 'FFE- COMP-BCD-1147', 0, 0, 0, 0, '', '', '', '', 0, 0),
(174, 177, 0, '0', 0, 0, 0, 'IT20190356', 'Toshiba', 'PA3917U-1ACA', '', '0.00', NULL, 0, '', '', '', 'FFE- COMP-BCD-1148', 0, 0, 0, 0, '', '', '', '', 0, 0),
(175, 178, 0, '0', 0, 0, 0, 'IT20190125', 'Delux', 'M136', '', '0.00', NULL, 0, '', '', '', 'FFE- COMP-BCD-1149', 0, 0, 0, 0, '', '', '', '', 0, 0),
(176, 179, 0, '0', 0, 0, 0, 'IT20190387 / MMT6MSS003802001693E00', 'Acer', 'EB192Q', '', '0.00', NULL, 0, '', '', '', 'FFE- COMP-BCD-1150', 0, 0, 0, 0, '', '', '', '', 0, 0),
(177, 180, 0, '0', 0, 0, 0, 'IT20190320', 'A4tech', 'KRS-83', '', '0.00', NULL, 0, '', '', '', 'FFE- COMP-BCD-1151', 0, 0, 0, 0, '', '', '', '', 0, 0),
(178, 181, 0, '0', 0, 0, 0, 'IT20190184', 'A4tech', 'OP-720', '', '0.00', NULL, 0, '', '', '', 'FFE- COMP-BCD-1152', 0, 0, 0, 0, '', '', '', '', 0, 0),
(179, 182, 0, '0', 0, 0, 0, 'IT20190020', 'NEUTRON ODYSSEY', '', '', '0.00', NULL, 0, '', '', '', 'FFE- COMP-BCD-1153', 0, 0, 0, 0, '', '', '', '', 0, 0),
(180, 183, 0, '0', 0, 0, 0, 'IT20190367', 'IDEAL', 'PSL-500', '', '0.00', NULL, 0, '', '', '', 'FFE- COMP-BCD-1154', 1, 0, 0, 0, '', '', '', '', 0, 0),
(181, 184, 0, '0', 0, 0, 0, 'IT20190374', 'iLogic', 'Blazer 720VA', '', '0.00', NULL, 0, '', '', '', 'FFE- COMP-BCD-1155', 0, 0, 0, 0, '', '', '', '', 0, 0),
(182, 185, 0, '0', 0, 0, 0, 'IT20190308', 'Epson', 'DS-1630', '', '0.00', NULL, 0, '', '', '', 'FFE-EQU-BCD-1005', 0, 0, 0, 0, '', '', '', '', 0, 0),
(183, 186, 0, '0', 0, 0, 0, 'IT20190326', 'LB-Link', '', '', '0.00', NULL, 0, '', '', '', 'FFE- COMP-BCD-1156', 0, 0, 0, 0, '', '', '', '', 0, 0),
(184, 187, 0, '0', 0, 0, 0, 'IT20190174', 'AOC', '', '', '0.00', NULL, 0, '', '', '', 'FFE- COMP-BCD-1157', 0, 0, 0, 0, '', '', '', '', 0, 0),
(185, 188, 0, '0', 0, 0, 0, 'IT20190252', 'A4tech', 'KRS-85', '', '0.00', NULL, 0, '', '', '', 'FFE- COMP-BCD-1158', 0, 0, 0, 0, '', '', '', '', 0, 0),
(186, 189, 0, '0', 0, 0, 0, 'IT20190145 / PE17060170176', 'A4tech', 'OP-720', '', '0.00', NULL, 0, '', '', '', 'FFE- COMP-BCD-1159', 0, 0, 0, 0, '', '', '', '', 0, 0),
(187, 190, 0, '0', 0, 0, 0, 'IT20190220', 'SECURE', '', '', '0.00', NULL, 0, '', '', '', 'FFE- COMP-BCD-1160', 0, 0, 0, 0, '', '', '', '', 0, 0),
(188, 191, 0, '0', 0, 0, 0, 'IT20190232', 'Fortress', '', '', '0.00', NULL, 0, '', '', '', 'FFE- COMP-BCD-1161', 0, 0, 0, 0, '', '', '', '', 0, 0),
(189, 192, 0, '0', 0, 0, 0, 'IT20190250', 'APC', '', '', '0.00', NULL, 0, '', '', '', 'FFE- COMP-BCD-1162', 0, 0, 0, 0, '', '', '', '', 0, 0),
(190, 193, 0, '0', 0, 0, 0, 'IT20190267 / MMLY0SS00343405DA08502', 'Acer', 'V196HQL', '', '0.00', NULL, 0, '', '2019-08-27', '', 'FFE- COMP-BCD-1163', 0, 0, 0, 0, '', '', '', '', 0, 0),
(191, 194, 0, '0', 0, 0, 0, 'IT20190153', 'A4tech', 'KRS-83', '', '0.00', NULL, 0, '', '', '', 'FFE- COMP-BCD-1164', 0, 0, 0, 0, '', '', '', '', 0, 0),
(192, 195, 0, '0', 0, 0, 0, 'IT20190390', 'Logitech', 'b100', '', '0.00', NULL, 0, '', NULL, '', 'FFE- COMP-BCD-1165', 0, 0, 0, 1, '', '', '', '', 0, 0),
(193, 196, 0, '0', 0, 0, 0, 'IT20190073', '', '', '', '0.00', NULL, 0, '', '2019-08-27', '', 'FFE- COMP-BCD-1166', 0, 0, 0, 0, '', '', '', '', 0, 0),
(194, 197, 0, '0', 0, 0, 0, 'IT20190107', 'iLogic', '', '', '0.00', NULL, 0, '', '', '', 'FFE- COMP-BCD-1167', 0, 0, 0, 0, '', '', '', '', 0, 0),
(195, 198, 0, '0', 0, 0, 0, 'IT20190187', 'SECURE', '', '', '0.00', NULL, 0, '', '2019-08-27', '', 'FFE- COMP-BCD-1168', 0, 0, 0, 0, '', '', '', '', 0, 0),
(196, 199, 0, '0', 0, 0, 0, 'IT20190122 / VCHY042362', 'EPSON', 'J371A', '', '0.00', NULL, 0, '', '', '', 'FFE-EQU-BCD-1006', 0, 0, 0, 0, '', '', '', '', 0, 0),
(197, 200, 0, '0', 0, 0, 0, 'IT20190392', 'Kisonli', '', '', '0.00', NULL, 0, '', '', '', 'FFE- COMP-BCD-1169', 0, 0, 0, 0, '', '', '', '', 0, 0),
(198, 201, 0, '0', 0, 0, 0, 'JBUEC1A002381', 'AOC', '', '', '0.00', NULL, 0, '', '', '', 'FFE- COMP-BCD-1170', 0, 0, 0, 0, '', '', '', '', 0, 0),
(199, 202, 0, '0', 0, 0, 0, 'PH1708049555', 'A4Tech', 'OP-720', '', '0.00', NULL, 0, '', '', '', 'FFE- COMP-BCD-1171', 0, 0, 0, 0, '', '', '', '', 0, 0),
(200, 203, 0, '0', 0, 0, 0, 'IT20190127', 'A4Tech', 'KRS-83', '', '0.00', NULL, 0, '', '', '', 'FFE- COMP-BCD-1172', 0, 0, 0, 0, '', '', '', '', 0, 0),
(201, 204, 0, '0', 0, 0, 0, 'IT20190391', 'APC', '', '', '0.00', NULL, 0, '', '', '', 'FFE- COMP-BCD-1173', 1, 0, 0, 0, '', '', '', '', 0, 0),
(202, 205, 0, '0', 0, 0, 0, 'IT20190162', '', '', '', '0.00', NULL, 0, '', '', '', 'FFE- COMP-BCD-1174', 0, 0, 0, 0, '', '', '', '', 0, 0),
(203, 206, 0, '0', 0, 0, 0, 'IT20190088', '', '', '', '0.00', NULL, 0, '', '', '', 'FFE- COMP-BCD-1175', 0, 0, 0, 0, '', '', '', '', 0, 0),
(204, 207, 0, '0', 0, 0, 0, 'IT20190005', 'Delkin', '', '', '0.00', NULL, 0, '', '', '', 'FFE- COMP-BCD-1176', 0, 0, 0, 0, '', '', '', '', 0, 0),
(205, 208, 0, '0', 0, 0, 0, 'PH1707048729', 'A4Tech', 'KRS-83', '', '0.00', NULL, 0, '', '', '', 'FFE- COMP-BCD-1177', 0, 0, 0, 0, '', '', '', '', 0, 0),
(206, 209, 0, '0', 0, 0, 0, '1312300160', 'Optical', '', '', '0.00', NULL, 0, '', '', '', 'FFE- COMP-BCD-1178', 0, 0, 0, 0, '', '', '', '', 0, 0),
(207, 210, 0, '0', 0, 0, 0, 'KPPH51A005310', 'AOC', '', '', '0.00', NULL, 0, '', '', '', 'FFE- COMP-BCD-1179', 0, 0, 0, 0, '', '', '', '', 0, 0),
(208, 211, 0, '0', 0, 0, 0, 'IT20190063', 'AOC', '', '', '0.00', NULL, 0, '', '', '', 'FFE- COMP-BCD-1180', 0, 0, 0, 0, '', '', '', '', 0, 0),
(209, 212, 0, '0', 0, 0, 0, 'IT20190238 / PH1801038642', 'A4TECH', 'KRS-83', '', '0.00', NULL, 0, '', '', '', 'FFE- COMP-BCD-1181', 0, 0, 0, 0, '', '', '', '', 0, 0),
(210, 213, 0, '0', 0, 0, 0, 'IT20190271 / PH1707048643', 'A4TECH', 'OP-720', '', '0.00', NULL, 0, '', '', '', 'FFE- COMP-BCD-1182', 0, 0, 0, 0, '', '', '', '', 0, 0),
(211, 214, 0, '0', 0, 0, 0, 'IT-20190007', 'Rise', '', '', '0.00', NULL, 0, '', '', 'Add DDR3 2G/1333/2568 UL CL9 SN: 1014010MB0 ZPZB731825 (ZEPPELIN) as of August 08, 2019. - Hennelen Tanan & Jason Flor', 'FFE- COMP-BCD-1183', 0, 0, 0, 0, '', '', '', '', 0, 0),
(212, 215, 0, '0', 0, 0, 0, 'IT-20190234', 'iLogic', '', '', '0.00', NULL, 0, '', '', '', 'FFE- COMP-BCD-1184', 0, 0, 0, 0, '', '', '', '', 0, 0),
(213, 216, 0, '0', 0, 0, 0, 'IT2019086', '', '', '', '0.00', NULL, 0, '', '', 'Add 2GB RAM 133312568ULCL9 ZPZB731829 M00523223 from CPU Pentium, RAM(2GB), 64 Bit OS, 500GB HD.', 'FFE- COMP-BCD-1185', 0, 0, 0, 0, '', '', '', '', 0, 0),
(214, 217, 0, '0', 0, 0, 0, 'ERUD81A001736', 'AOC', '1E660SW', '', '0.00', NULL, 0, '', '', '', 'FFE- COMP-BCD-1186', 0, 0, 0, 0, '', '', '', '', 0, 0),
(215, 218, 0, '0', 0, 0, 0, 'IT2019030', 'A4Tech', 'OP-720', '', '0.00', NULL, 0, '', '', '', 'FFE- COMP-BCD-1187', 0, 0, 0, 0, '', '', '', '', 0, 0),
(216, 219, 0, '0', 0, 0, 0, 'IT2019065', 'A4Tech', 'KRS-83', '', '0.00', NULL, 0, '', '', '', 'FFE- COMP-BCD-1188', 0, 0, 0, 0, '', '', '', '', 0, 0),
(217, 220, 0, '0', 0, 0, 0, 'IT20190156', 'Delkin', '', '', '0.00', NULL, 0, '', '', '', 'FFE- COMP-BCD-1189', 0, 0, 0, 0, '', '', '', '', 0, 0),
(218, 221, 0, '0', 0, 0, 0, 'XX-205A', 'Tsunami', '', '', '0.00', NULL, 0, '', '', '', 'FFE- COMP-BCD-1190', 0, 0, 0, 0, '', '', '', '', 0, 0),
(219, 222, 0, '0', 0, 0, 0, 'IT20190008', 'AOC', '', '', '0.00', NULL, 0, '', '', '', 'FFE- COMP-BCD-1191', 0, 0, 0, 0, '', '', '', '', 0, 0),
(220, 223, 0, '0', 0, 0, 0, 'IT20190285 / OSS-TMARK516', 'Delux', 'K6010', '', '0.00', NULL, 0, '', '', '', 'FFE- COMP-BCD-1192', 0, 0, 0, 0, '', '', '', '', 0, 0),
(221, 224, 0, '0', 0, 0, 0, 'IT20190328', 'A4tech', 'OP-720', '', '0.00', NULL, 0, '', '', '', 'FFE- COMP-BCD-1193', 0, 0, 0, 0, '', '', '', '', 0, 0),
(222, 225, 0, '0', 0, 0, 0, 'IT20190370', '', '', '', '0.00', NULL, 0, '', '', 'Remove DDR3 2G/1333/2568 UL CL9 SN: 1014010MB0 ZPZB731825 (ZEPPELIN) as of August 08, 2019. - Hennelen Tanan & Jason Flor', 'FFE- COMP-BCD-1194', 0, 0, 0, 0, '', '', '', '', 0, 0),
(223, 226, 0, '0', 0, 0, 0, 'IT20190133', 'SECURE', '', '', '0.00', NULL, 0, '', '', '', 'FFE- COMP-BCD-1195', 0, 0, 0, 0, '', '', '', '', 0, 0),
(224, 227, 0, '0', 0, 0, 0, '', 'Tsunami', 'XX-205B', '', '0.00', NULL, 0, '', '', '', 'FFE- COMP-BCD-1196', 0, 0, 0, 0, '', '', '', '', 0, 0),
(225, 228, 0, '0', 0, 0, 0, 'IT20190067', 'Philips', '', '', '0.00', NULL, 0, '', '', '', 'FFE- COMP-BCD-1197', 0, 0, 0, 0, '', '', '', '', 0, 0),
(226, 229, 0, '0', 0, 0, 0, 'IT20190167', 'A4tech', '', '', '0.00', NULL, 0, '', '', '', 'FFE- COMP-BCD-1198', 0, 0, 0, 0, '', '', '', '', 0, 0),
(227, 230, 0, '0', 0, 0, 0, 'IT20190004', 'A4tech', '', '', '0.00', NULL, 0, '', '', '', 'FFE- COMP-BCD-1199', 0, 0, 0, 0, '', '', '', '', 0, 0),
(228, 231, 0, '0', 0, 0, 0, 'IT20190132', 'APC', '', '', '0.00', NULL, 0, '', '', '', 'FFE- COMP-BCD-1200', 0, 0, 0, 0, '', '', '', '', 0, 0),
(229, 232, 0, '0', 0, 0, 0, 'IT20190278', 'SECURE', '', '', '0.00', NULL, 0, '', '2020-01-30', '', 'FFE- COMP-BCD-1201', 0, 0, 0, 0, '', '', '', '', 0, 0),
(230, 233, 0, '0', 0, 0, 0, 'IT20190059', 'PowerLogic', '', '', '0.00', NULL, 0, '', '', 'Replace VGA Cable to Glenn Paul as of 08-16-19 for compatibility purposes.', 'FFE- COMP-BCD-1202', 0, 0, 0, 0, '', '', '', '', 0, 0),
(231, 234, 0, '0', 0, 0, 0, 'IT20190045', 'ASUS', 'R455L', '', '0.00', NULL, 0, '', '', '', 'FFE- COMP-BCD-1203', 1, 0, 0, 0, '', '', '', '', 0, 0),
(232, 235, 0, '0', 0, 0, 0, 'IT20190277', 'ASUS', 'ADP-65GD 8', '', '0.00', NULL, 0, '', '', '', 'FFE-COMP-BCD-1204', 0, 0, 0, 0, '', '', '', '', 0, 0),
(233, 236, 0, '0', 0, 0, 0, 'IT20190304', 'Epson', 'L355', '', '0.00', NULL, 0, '', '', '', 'FFE- COMP-BCD-1204', 1, 0, 0, 0, '', '', '', '', 0, 0),
(234, 237, 0, '0', 0, 0, 0, 'IT20190016', 'AOC', '', '', '0.00', NULL, 0, '', '', '', 'FFE- COMP-BCD-1205', 0, 0, 0, 0, '', '', '', '', 0, 0),
(235, 238, 0, '0', 0, 0, 0, 'IT20190146', 'Xtyle', '', '', '0.00', NULL, 0, '', '', '', 'FFE- COMP-BCD-1206', 1, 0, 0, 0, '', '', '', '', 0, 0),
(236, 239, 0, '0', 0, 0, 0, 'IT20190282', 'A4Tech', '', '', '0.00', NULL, 0, '', '', '', 'FFE- COMP-BCD-1207', 0, 0, 0, 0, '', '', '', '', 0, 0),
(237, 240, 0, '0', 0, 0, 0, 'IT20190305', 'APC', '', '', '0.00', NULL, 0, '', '', '', 'FFE- COMP-BCD-1208', 0, 0, 0, 0, '', '', '', '', 0, 0),
(238, 241, 0, '0', 0, 0, 0, 'IT20190321', 'SECURE', '', '', '0.00', NULL, 0, '', '2019-12-18', '', 'FFE- COMP-BCD-1209', 0, 0, 0, 0, '', '', '', '', 0, 0),
(239, 242, 0, '0', 0, 0, 0, 'IT20190270', '', '', '', '0.00', NULL, 0, '', '', '', 'FFE- COMP-BCD-1210', 0, 0, 0, 0, '', '', '', '', 0, 0),
(240, 243, 0, '0', 0, 0, 0, 'IT20190253', 'Xtyle', '', '', '0.00', NULL, 0, '', '', '', 'FFE- COMP-BCD-1211', 0, 0, 0, 0, '', '', '', '', 0, 0),
(241, 244, 0, '0', 0, 0, 0, 'IT20190035', '', '', '', '0.00', NULL, 0, '', '', '', 'FFE- COMP-BCD-1212', 0, 0, 0, 0, '', '', '', '', 0, 0),
(242, 245, 0, '0', 0, 0, 0, 'IT20190257', 'SECURE', '', '', '0.00', NULL, 0, '', '', '', 'FFE- COMP-BCD-1213', 0, 0, 0, 0, '', '', '', '', 0, 0),
(243, 246, 0, '0', 0, 0, 0, '231710508889', 'iLogic', 'Blazer 720VA', '', '0.00', NULL, 0, '', '', '', 'FFE- COMP-BCD-1214', 0, 0, 0, 0, '', '', '', '', 0, 0),
(244, 247, 0, '0', 0, 0, 0, 'IT20190380', 'Kisonli', '', '', '0.00', NULL, 0, '', '', '', 'FFE- COMP-BCD-1215', 0, 0, 0, 0, '', '', '', '', 0, 0),
(245, 248, 0, '0', 0, 0, 0, 'PH1801038801', 'A4Tech', 'OP-720', '', '0.00', NULL, 0, '', '', '', 'FFE- COMP-BCD-1216', 0, 0, 0, 0, '', '', '', '', 0, 0),
(246, 249, 0, '0', 0, 0, 0, 'IT20190119', 'A4Tech', 'KRS-85', '', '0.00', NULL, 0, '', '', '', 'FFE- COMP-BCD-1217', 0, 0, 0, 0, '', '', '', '', 0, 0),
(247, 250, 0, '0', 0, 0, 0, 'MMT6MSS0038020017B3E00', 'Acer', 'EB192Q', '', '0.00', NULL, 0, '', '', '', 'FFE- COMP-BCD-1218', 0, 0, 0, 0, '', '', '', '', 0, 0),
(248, 251, 0, '0', 0, 0, 0, 'IT20190136', 'Mseries', '', '', '0.00', NULL, 0, '', '', '', 'FFE- COMP-BCD-1219', 0, 0, 0, 0, '', '', '', '', 0, 0),
(249, 252, 0, '0', 0, 0, 0, 'IT20190335', 'AOC', '', '', '0.00', NULL, 0, '', '', '', 'FFE- COMP-BCD-1220', 0, 0, 0, 0, '', '', '', '', 0, 0),
(250, 253, 0, '0', 0, 0, 0, 'IT20190325', 'Deluxe', '', '', '0.00', NULL, 0, '', '', '', 'FFE- COMP-BCD-1221', 0, 0, 0, 0, '', '', '', '', 0, 0),
(251, 254, 0, '0', 0, 0, 0, 'IT20190061', 'Deluxe', '', '', '0.00', NULL, 0, '', '', '', 'FFE- COMP-BCD-1222', 0, 0, 0, 0, '', '', '', '', 0, 0),
(252, 255, 0, '0', 0, 0, 0, 'IT20190318', 'SECURE', '', '', '0.00', NULL, 0, '', '', '', 'FFE- COMP-BCD-1223', 0, 0, 0, 0, '', '', '', '', 0, 0),
(253, 256, 0, '0', 0, 0, 0, 'R3UO1F1019427', 'D-Link', 'DES-1008A', '', '0.00', NULL, 0, '', '', '', 'FFE- COMP-BCD-1224', 0, 0, 0, 0, '', '', '', '', 0, 0),
(254, 257, 0, '0', 0, 0, 0, 'IT20190364', 'TCL', '', '', '0.00', NULL, 0, '', '', '', 'FFE- COMP-BCD-1225', 0, 0, 0, 0, '', '', '', '', 0, 0),
(255, 257, 0, '0', 0, 0, 0, 'IT20190206', 'TCL', '', '', '0.00', NULL, 0, '', '', '', 'FFE- COMP-BCD-1226', 0, 0, 0, 0, '', '', '', '', 0, 0),
(256, 257, 0, '0', 0, 0, 0, 'IT20190315', 'TCL', '', '', '0.00', NULL, 0, '', '', '', 'FFE- COMP-BCD-1227', 0, 0, 0, 0, '', '', '', '', 0, 0),
(257, 257, 0, '0', 0, 0, 0, 'IT20190379', 'TCL', '', '', '0.00', NULL, 0, '', '', '', 'FFE- COMP-BCD-1228', 0, 0, 0, 0, '', '', '', '', 0, 0),
(258, 257, 0, '0', 0, 0, 0, 'IT20190298', 'TCL', '', '', '0.00', NULL, 0, '', '', '', 'FFE- COMP-BCD-1229', 0, 0, 0, 0, '', '', '', '', 0, 0),
(259, 258, 0, '0', 0, 0, 0, 'IT20190024', 'NComputing', '', '', '0.00', NULL, 0, '', '', '', 'FFE- COMP-BCD-1230', 0, 0, 0, 0, '', '', '', '', 0, 0),
(260, 258, 0, '0', 0, 0, 0, 'IT20190378', 'NComputing', '', '', '0.00', NULL, 0, '', '', '', 'FFE- COMP-BCD-1231', 0, 0, 0, 0, '', '', '', '', 0, 0),
(261, 259, 0, '0', 0, 0, 0, 'IT20190251', 'Delkin', '', '', '0.00', NULL, 0, '', '', '', 'FFE- COMP-BCD-1232', 0, 0, 0, 0, '', '', '', '', 0, 0),
(262, 260, 0, '0', 0, 0, 0, 'Q7CT086974', 'EPSON', 'LX-310', 'PA71A', '0.00', NULL, 0, '', '2019-09-02', '', 'FFE-EQU-BCD-1007', 0, 0, 0, 0, '', '', '', '', 0, 0),
(263, 261, 0, '0', 0, 0, 0, 'IT20190160', 'A4Tech', '', 'PS2', '0.00', NULL, 0, '', '2019-04-27', '', 'FFE- COMP-BCD-1233', 0, 0, 0, 0, '', '', '', '', 0, 0),
(264, 262, 0, '0', 0, 0, 0, 'IT20190195', '', '', '', '0.00', NULL, 0, '', '', '', 'FFE- COMP-BCD-1234', 0, 0, 0, 0, '', '', '', '', 0, 0),
(265, 263, 0, '0', 0, 0, 0, 'KCYG61A002798', 'AOC', 'E9705w', '', '0.00', NULL, 0, '', '2019-05-07', '', 'FFE- COMP-BCD-1235', 0, 0, 0, 0, '', '', '', '', 0, 0),
(266, 264, 0, '0', 0, 0, 0, '43BW8CJ03Z8', 'Acer', 'ADP-45 HE D', '', '1500.00', NULL, 1, '2019-05-22', '2020-01-09', '', 'FFE- COMP-BCD-1236', 0, 0, 0, 0, 'BCG Computers', '', '', '', 0, 0),
(267, 265, 0, '0', 0, 0, 0, 'IT20190039', '', 'RX-SP5012-4', '', '0.00', NULL, 0, '', '', '', 'FFE- COMP-BCD-1237', 0, 0, 0, 0, '', '', '', '', 0, 0),
(268, 266, 0, '0', 0, 0, 0, 'IT20190085', '', '', '', '0.00', NULL, 0, '', '', '', 'FFE- COMP-BCD-1240', 0, 0, 0, 0, '', '', '', '', 0, 0),
(269, 267, 0, '0', 0, 0, 0, 'IT20190180', '', '', '', '0.00', NULL, 0, '', '', '', 'FFE- COMP-BCD-1241', 0, 0, 0, 0, '', '', '', '', 0, 0),
(270, 268, 0, '0', 0, 0, 0, 'IT20190261', '', '', '', '0.00', NULL, 0, '', '', '', 'FFE- COMP-BCD-1242', 0, 0, 0, 0, '', '', '', '', 0, 0),
(271, 269, 0, '0', 0, 0, 0, '18104946', '', 'RZS842', '', '0.00', NULL, 0, '', '2019-08-06', '', 'FFE- COMP-BCD-1243', 0, 0, 0, 0, '', '', '', '', 0, 0),
(272, 270, 0, '0', 0, 0, 0, 'IT20190009', 'Cliptech', 'RZKZ47', '', '0.00', NULL, 0, '', '', '', 'FFE- COMP-BCD-1244', 0, 0, 0, 0, '', '', '', '', 0, 0),
(273, 271, 0, '0', 0, 0, 0, 'IT20190087', 'A4Tech', 'PK-910H', '', '1350.00', NULL, 1, '2019-06-26', '2019-06-26', '', 'FFE- COMP-BCD-1245', 0, 0, 0, 0, 'Teranova Computers', '', '', '', 0, 0),
(274, 273, 11, '0', 0, 0, 0, 'IT20190279', 'Eveready', 'EV2PC4', '', '0.00', NULL, 0, '', '', '', 'FFE-EQU-BCD-1009', 0, 0, 0, 0, '', '', '', '', 0, 0),
(275, 274, 11, '0', 0, 0, 0, 'IT20190324', 'TP-Link', '', '', '0.00', NULL, 0, '', '2019-11-21', '', 'FFE- COMP-BCD-1246', 0, 0, 0, 0, '', '', '', '', 0, 0),
(276, 275, 11, '0', 0, 0, 0, 'IT20190297', 'Silvertech', 'SCKM-E111', '', '0.00', NULL, 0, '2019-04-12', '2019-04-12', '', 'FFE- COMP-BCD-1247', 0, 0, 0, 0, '', '', '', '', 0, 0),
(277, 276, 0, '0', 0, 0, 0, 'IT20190150', 'Silvertech', 'SCKM-E111', '', '0.00', NULL, 0, '2019-04-12', '2019-04-12', '', 'FFE- COMP-BCD-1248', 0, 0, 0, 0, '', '', '', '', 0, 0),
(278, 277, 0, '0', 0, 0, 0, 'IT20190341 / XP18T9608498', 'Genius', 'NX-7020', '', '0.00', NULL, 0, '2019-04-12', '2019-04-12', '', 'FFE- COMP-BCD-1249', 0, 0, 0, 0, '', '', '', '', 0, 0),
(279, 278, 0, '0', 0, 0, 0, 'IT20190279 / XP18T9608498', 'Genius', 'Slim Star 8006/K', '', '0.00', NULL, 0, '2019-04-12', '2019-04-12', '', 'FFE- COMP-BCD-1250', 0, 0, 0, 0, '', '', '', '', 0, 0),
(280, 279, 0, '0', 0, 0, 0, '2CE9478DTJ', 'HP', 'G60-535DX', '', '0.00', NULL, 0, '', '2019-09-20', 'Old laptop of Sir butch Dujenio and charger is defective.', 'FFE- COMP-BCD-1251', 0, 0, 0, 0, '', '', '', '', 0, 0),
(281, 280, 0, '0', 0, 0, 0, 'WATFL0AE7XWSV', 'HP', 'JGT:A09', '', '0.00', NULL, 0, '', '', '', 'FFE- COMP-BCD-1252', 1, 0, 0, 0, '', '', '', '', 0, 0),
(282, 281, 0, '0', 0, 0, 0, 'E4N0CX061019148', 'ASUS ', 'X451C Notebook PC', '', '0.00', NULL, 0, '', '', 'Old laptop of Miss Annavi Lacambra', 'FFE- COMP-BCD-1253', 0, 0, 0, 0, '', '', '', '', 0, 0),
(283, 282, 0, '0', 0, 0, 0, 'Ln261936', 'ASUS ', 'ADP-65DB', '', '0.00', NULL, 0, '', '', '', 'FFE- COMP-BCD-1254', 1, 0, 0, 0, '', '', '', '', 0, 0),
(284, 283, 0, '0', 0, 0, 0, 'IT20190042', 'TP-Link', '', '', '0.00', NULL, 0, '', '2019-11-21', '', 'FFE- COMP-BCD-1255', 0, 0, 0, 0, '', '', '', '', 0, 0),
(285, 284, 0, '0', 0, 0, 0, 'SB50K021901421', 'Devant', 'SB--50', '', '0.00', NULL, 0, '', '2019-08-08', '', 'FFE- COMP-BCD-1256', 0, 0, 0, 0, '', '', '', '', 0, 0),
(286, 285, 0, '0', 0, 0, 0, 'IT20190317', 'Devant', '', '', '0.00', NULL, 0, '', '', '', 'FFE- COMP-BCD-1257', 0, 0, 0, 0, '', '', '', '', 0, 0),
(287, 286, 0, '0', 0, 0, 0, 'IT20190097', '', '', '', '0.00', NULL, 0, '', '2019-08-08', '', 'FFE- COMP-BCD-1258', 0, 0, 0, 0, '', '', '', '', 0, 0),
(288, 287, 0, '0', 0, 0, 0, 'IT20190031', '', '', '', '0.00', NULL, 0, '', '', '', 'FFE- COMP-BCD-1259', 0, 0, 0, 0, '', '', '', '', 0, 0),
(289, 288, 0, '0', 0, 0, 0, '1014010MB0 ZPZB731825 ', 'ZEPPELIN', '', '', '0.00', NULL, 0, '', '', '', 'FFE- COMP-BCD-1260', 0, 0, 0, 0, '', '', '', '', 0, 0),
(290, 289, 0, '0', 0, 0, 0, 'GEN-0000481005VSRETD PQ149', 'KINGSTON', '', '', '0.00', NULL, 0, '', '', '', 'FFE- COMP-BCD-1261', 0, 0, 0, 0, '', '', '', '', 0, 0),
(291, 290, 0, '0', 0, 0, 0, '2102220121ARJ3130485', '', '', '', '0.00', NULL, 0, '', '', '', 'FFE- COMP-BCD-1262', 1, 0, 0, 0, '', '', '', '', 0, 0),
(292, 291, 0, '0', 0, 0, 0, 'IT20190352', '', '', '', '0.00', NULL, 0, '', '', '', 'FFE- COMP-BCD-1263', 1, 0, 0, 0, '', '', '', '', 0, 0),
(293, 292, 0, '0', 0, 0, 0, 'IT20190268', '', '', '', '0.00', NULL, 0, '', '', '', 'FFE- COMP-BCD-1264', 1, 0, 0, 0, '', '', '', '', 0, 0),
(295, 293, 0, '0', 0, 0, 0, 'IT20190224', '', '', '', '0.00', NULL, 0, '', '', '', 'FFE- COMP-BCD-1266', 1, 0, 0, 0, '', '', '', '', 0, 0),
(296, 294, 0, '0', 0, 0, 0, 'IT20190191', '', '', '', '0.00', NULL, 0, '', '', '', 'FFE- COMP-BCD-1267', 0, 0, 0, 0, '', '', '', '', 0, 0),
(297, 295, 0, '0', 0, 0, 0, 'IT20190210', 'SanDisk', '', '', '0.00', NULL, 0, '', '2019-09-02', '', 'FFE- COMP-BCD-1268', 0, 0, 0, 0, '', '', '', '', 0, 0),
(298, 296, 0, '0', 0, 0, 0, '2192079004295', 'TP Link', 'Archer T2UH AC600', 'Usb', '820.00', NULL, 1, '2019-09-26', '2019-09-26', '', 'FFE- COMP-BCD-1269', 0, 0, 0, 0, 'Bacolod Sure Computer', '', '', '', 0, 0),
(299, 297, 0, '', 0, 0, 0, '740617140743', '', '', '', '0.00', NULL, 0, '', '', '', 'FFE- COMP-BCD-1270', 0, 0, 0, 0, '', '', '', '', 0, 0),
(300, 298, 0, '', 0, 1, 0, 'IT20190015', 'Samsung', '', 'Cord', '0.00', NULL, 0, '', '', '', 'FFE-EQU-BCD-1010', 1, 0, 0, 0, '', '', '', '', 0, 0),
(301, 299, 0, '', 0, 0, 0, 'AQLK51A005927', '', 'E1670SW', '', '0.00', NULL, 0, '', '', '', 'FFE- COMP-BCD-1271', 0, 0, 0, 0, '', '', '', '', 0, 0),
(302, 300, 0, '', 0, 0, 0, 'IT20190300', '', '', '', '0.00', NULL, 0, '', '', '', 'FFE- COMP-BCD-1272', 0, 0, 0, 0, '', '', '', '', 0, 0),
(303, 301, 0, '', 0, 0, 0, 'IT20190204', '', '', '', '0.00', NULL, 0, '', '', '', 'FFE- COMP-BCD-1273', 0, 0, 0, 0, '', '', '', '', 0, 0),
(304, 302, 0, '', 0, 0, 0, 'IT20190384', 'Yue Tong', '', '', '0.00', NULL, 0, '', '', '', 'FFE- COMP-BCD-1274', 0, 0, 0, 0, '', '', '', '', 0, 0),
(305, 303, 0, '', 0, 0, 0, 'IT20190114', 'Acer', '', '', '0.00', NULL, 0, '', '', '', 'FFE- COMP-BCD-1275', 0, 0, 0, 0, '', '', '', '', 0, 0),
(306, 304, 0, '', 0, 0, 0, 'VZ.JBU.00.001', '', 'A-16041', '', '0.00', NULL, 0, '', '', '', 'FFE- COMP-BCD-1276', 0, 0, 0, 0, '', '', '', '', 0, 0),
(307, 305, 0, '', 0, 0, 0, '1901001751', 'Hunk Key', '8KA06519533-8J', '', '0.00', NULL, 0, '2019-09-20', '2019-09-20', 'With 9 detachable pins', 'FFE- COMP-BCD-1277', 0, 0, 0, 0, '', '', '', '', 0, 0),
(308, 306, 0, '', 0, 0, 0, '3100267368A9779500121', '', '', '', '0.00', NULL, 0, '', NULL, '', 'FFE- COMP-BCD-1278', 0, 0, 0, 1, '', '', '', '', 0, 0),
(309, 307, 0, '', 0, 0, 0, '19ER5193', 'Gaston', '', '', '0.00', NULL, 0, '', '', 'attached to UPS - 650VA - IT20190350', 'FFE- COMP-BCD-1279', 0, 0, 0, 0, '', '', '', '', 0, 0),
(310, 307, 0, '', 0, 0, 0, '19ER5193', '', '', '', '0.00', NULL, 0, '', '', 'attached to UPS - 650VA - IT20190350', 'FFE- COMP-BCD-1280', 0, 0, 0, 0, '', '', '', '', 0, 0),
(311, 308, 0, '', 0, 0, 0, 'IT20190140', 'SanDisk', '', '', '0.00', NULL, 0, '', '2019-11-28', '', 'FFE- COMP-BCD-1281', 0, 0, 0, 0, '', '', '', '', 0, 0),
(312, 309, 0, '', 0, 0, 0, '', 'Prolink', 'PRO1201SFC', '', '0.00', NULL, 0, '', '', '', 'FFE- COMP-BCD-1282', 0, 0, 0, 0, '', '', '', '', 0, 0),
(313, 310, 6, '', 0, 0, 0, 'K60029D007924', 'Delux', 'K6002', '', '0.00', NULL, 0, '', '', '', 'FFE- COMP-BCD-1283', 0, 0, 0, 0, '', '', '', '', 0, 0),
(314, 311, 8, '', 0, 0, 0, 'UEM185122344', 'Viewsonic', 'VS16216', '', '0.00', NULL, 0, '', '', '', 'FFE- COMP-BCD-1284', 0, 0, 0, 0, '', '', '', '', 0, 0),
(315, 312, 0, '', 0, 0, 0, 'IT2019001', 'TP-Link', 'Archer T24', '', '0.00', NULL, 0, '', '', '', 'FFE- COMP-BCD-1285', 1, 0, 0, 0, '', '', '', '', 0, 0),
(316, 313, 6, '', 0, 0, 0, 'M1368K023773', 'Delux', 'M136', '', '0.00', NULL, 0, '', '', '', 'FFE- COMP-BCD-1286', 0, 0, 0, 0, '', '', '', '', 0, 0),
(317, 314, 8, '', 0, 0, 0, '9B1934A18271', 'APC', 'Back-UPS 650', '', '0.00', NULL, 0, '', '', '', 'FFE- COMP-BCD-1287', 0, 0, 0, 0, '', '', '', '', 0, 0),
(318, 315, 10, '', 0, 0, 0, 'YY19082112771', 'Secure', '', '', '0.00', NULL, 0, '', '', '', 'FFE- COMP-BCD-1288', 0, 0, 0, 0, '', '', '', '', 0, 0),
(319, 316, 10, '', 0, 0, 0, 'N191200033748', 'Zotac', '', '', '0.00', NULL, 0, '', '', 'PN No: 9288-6N326-001ZB', 'FFE- COMP-BCD-1289', 0, 0, 0, 0, '', '', '', '', 0, 0),
(320, 317, 5, '', 0, 0, 0, '', 'Trendsonic', '', '', '0.00', NULL, 0, '', '', '', 'FFE- COMP-BCD-1290', 0, 0, 0, 0, '', '', '', '', 0, 0),
(321, 318, 0, '', 0, 0, 0, '646757-001', '', '', '', '0.00', NULL, 0, '2020-01-15', '2020-01-16', 'Battery (Primary) - 6-cell lithium-ion (Li-ion), 2.55Ah, 55Whr (MT06055), 646757-001 \r\nFor HP Mini 200-4210TU of Sir Henry Sia', 'FFE- COMP-BCD-1291', 0, 0, 0, 0, '', '', '', '', 0, 0),
(322, 319, 0, '', 0, 0, 0, 'M1368K011388', 'Delux', 'M136', '', '0.00', NULL, 0, '', '', '', 'FFE- COMP-BCD-1292', 0, 0, 0, 0, '', '', '', '', 0, 0),
(323, 320, 0, '', 0, 0, 0, 'UEM185121867', 'Viewsonic', 'VS16216', '', '0.00', NULL, 0, '', '', '', 'FFE- COMP-BCD-1293', 0, 0, 0, 0, '', '', '', '', 0, 0),
(324, 321, 0, '', 0, 0, 0, 'FFE-COMP-BCD-1346', 'Trendsonic', '', '', '0.00', NULL, 0, '', '', '', 'FFE- COMP-BCD-1294', 0, 0, 0, 0, '', '', '', '', 0, 0);
INSERT INTO `et_details` (`ed_id`, `et_id`, `set_id`, `physical_condition`, `rack_id`, `company_id`, `placement_id`, `serial_no`, `brand`, `model`, `type`, `unit_price`, `currency`, `currency_id`, `acquisition_date`, `date_issued`, `remarks`, `asset_control_no`, `damage`, `lost`, `beyond_repair`, `borrowed`, `acquired_by`, `picture1`, `picture2`, `picture3`, `change_location`, `location_id`) VALUES
(325, 322, 0, '', 0, 0, 0, 'YY19071926433', 'Secure', '', '', '0.00', NULL, 0, '', '', '', 'FFE- COMP-BCD-1295', 0, 0, 0, 0, '', '', '', '', 0, 0),
(326, 323, 0, '', 0, 0, 0, 'K60029D004410', 'Delux', 'K6002', '', '0.00', NULL, 0, '', '', '', 'FFE- COMP-BCD-1296', 0, 0, 0, 0, '', '', '', '', 0, 0),
(327, 324, 0, '', 0, 0, 0, 'BX650L1-MS / 9B1934A18260', 'APC', 'Back-UPS 650', '', '0.00', NULL, 0, '', '', '', 'FFE- COMP-BCD-1297', 0, 0, 0, 0, '', '', '', '', 0, 0),
(328, 325, 0, 'fgh', 0, 1, 0, '123', 'sasd', 'asd', 'usb', '100.00', NULL, 1, '2020-02-21', '', 'fgh', 'FFE-COM-BCD-1002', 0, 0, 0, 0, 'Bacolod Sure Computer', '', '', '', 0, 0),
(329, 326, 0, 'sdfsdf', 0, 1, 0, 'asd', 'asd', 'asd', 'asd', '213.00', NULL, 1, '2020-02-20', '2020-02-21', 'sdfsdf', 'FFE-PPE-BCD-1001', 0, 0, 0, 0, 'fdsdf', '', '', '', 0, 0),
(330, 328, 0, '', 0, 1, 0, '2313', 'asda', 'dasd', 'asd', '234.00', NULL, 1, '2020-02-13', '2020-02-05', 'asdasd', 'FFE-COM-BCD-1003', 0, 0, 0, 0, 'asd', '', '', '', 0, 0),
(331, 329, 0, 'fsdf', 0, 1, 0, 'sdf', 'sdf', 'sdfsd', 'fsdf', '231.00', NULL, 1, '2020-02-21', '2020-02-20', 'sdfsd', 'FFE-TRA-BCD-1002', 0, 0, 0, 0, 'asfsdf', '', '', '', 0, 0),
(332, 331, 0, '', 0, 1, 0, 'asd', 'asd', 'asd', 'asd', '23.00', NULL, 0, '2020-02-14', '2020-02-19', '', 'FFE-FUR-BCD-1001', 0, 0, 0, 0, '', '', '', '', 0, 0),
(333, 332, 0, '', 0, 2, 0, '342', 'das', 'asd', 'asd', '23.00', NULL, 1, '2020-02-22', '2020-02-22', '', 'FFE-TRA-BCD-1002', 0, 0, 0, 0, 'Bacolod Sure Computer', '', '', '', 0, 0),
(334, 333, 0, '', 0, 0, 0, 'asd', '', 'asdasd', '', '0.00', NULL, 0, '2020-02-20', '2020-02-12', '', 'FFE-FUR-BCD-1001', 0, 0, 0, 0, '', '', '', '', 0, 0),
(335, 333, 0, '', 0, 0, 0, 'asdasd', '', '', '', '0.00', NULL, 0, '', '', '', 'FFE-FUR-BCD-1002', 0, 0, 0, 0, '', '', '', '', 0, 0),
(336, 333, 0, '', 0, 0, 0, 'asdasd', '', '', '', '0.00', NULL, 0, '', '', '', 'FFE-FUR-BCD-1003', 0, 0, 0, 0, '', '', '', '', 0, 0);

-- --------------------------------------------------------

--
-- Table structure for table `et_head`
--

CREATE TABLE IF NOT EXISTS `et_head` (
`et_id` int(11) NOT NULL,
  `accountability_id` int(11) NOT NULL DEFAULT '0',
  `category_id` int(11) NOT NULL DEFAULT '0',
  `subcat_id` int(11) NOT NULL DEFAULT '0',
  `create_date` varchar(100) DEFAULT NULL,
  `et_desc` varchar(255) DEFAULT NULL,
  `qty` int(11) NOT NULL DEFAULT '0',
  `unit_id` int(11) NOT NULL DEFAULT '0',
  `department` varchar(50) DEFAULT NULL,
  `user_id` int(11) NOT NULL DEFAULT '0',
  `save_temp` int(11) NOT NULL DEFAULT '0',
  `cancelled` int(11) NOT NULL DEFAULT '0',
  `cancel_reason` text,
  `cancelled_by` int(11) NOT NULL DEFAULT '0',
  `cancel_date` varchar(20) DEFAULT NULL
) ENGINE=InnoDB AUTO_INCREMENT=334 DEFAULT CHARSET=latin1;

--
-- Dumping data for table `et_head`
--

INSERT INTO `et_head` (`et_id`, `accountability_id`, `category_id`, `subcat_id`, `create_date`, `et_desc`, `qty`, `unit_id`, `department`, `user_id`, `save_temp`, `cancelled`, `cancel_reason`, `cancelled_by`, `cancel_date`) VALUES
(1, 17, 1, 11, '2019-04-25 13:26:36', 'CPU Pentium, RAM(2GB), 64 Bit OS, 500GB HD', 1, 1, 'EMG-Billing', 1, 0, 0, NULL, 0, NULL),
(2, 17, 1, 11, '2019-04-25 13:27:29', 'Monitor 24 inches', 1, 1, 'EMG-Billing', 1, 0, 0, NULL, 0, NULL),
(3, 17, 1, 11, '2019-04-25 13:27:58', 'Keyboard', 1, 1, 'EMG-Billing', 1, 0, 0, NULL, 0, NULL),
(4, 36, 1, 11, '2019-04-25 13:28:23', 'Laptop AMD A9-9425 Radeon R5, 5 Compute cores 2C + 3G 3.10GHz 4GB RAM 64 Bit OS 500GB HDD', 1, 1, 'IT Department', 1, 0, 0, NULL, 0, NULL),
(5, 17, 1, 11, '2019-04-25 13:28:37', 'Mouse', 1, 1, 'EMG-Billing', 1, 0, 0, NULL, 0, NULL),
(6, 17, 1, 11, '2019-04-25 13:29:12', 'UPS - 650VA', 1, 1, 'EMG-Billing', 1, 0, 0, NULL, 0, NULL),
(7, 17, 1, 11, '2019-04-25 13:29:37', 'Speaker', 1, 1, 'EMG-Billing', 1, 0, 0, NULL, 0, NULL),
(8, 36, 1, 11, '2019-04-25 13:29:49', 'Charger', 1, 1, 'IT Department', 1, 0, 0, NULL, 0, NULL),
(9, 15, 1, 11, '2019-04-25 13:30:58', 'CPU Core i3, RAM(4GB), 64 Bit OS, x64 Based Processor', 1, 1, 'EMG-Billing', 1, 0, 0, NULL, 0, NULL),
(10, 0, 1, 11, '2019-04-25 13:31:17', 'Wireless Mouse', 1, 1, 'IT Department', 1, 0, 0, NULL, 0, NULL),
(11, 15, 1, 11, '2019-04-25 13:31:21', 'AVR 220V', 1, 1, 'EMG-Billing', 1, 0, 0, NULL, 0, NULL),
(12, 15, 1, 11, '2019-04-25 13:31:45', 'Keyboard', 1, 1, 'EMG-Billing', 1, 0, 0, NULL, 0, NULL),
(13, 0, 1, 11, '2019-04-25 13:32:07', 'Mouse', 1, 1, 'EMG-Billing', 1, 0, 0, NULL, 0, NULL),
(14, 122, 1, 4, '2019-04-25 13:32:48', 'Printer', 1, 1, '', 1, 0, 0, NULL, 0, NULL),
(15, 0, 1, 4, '2019-04-25 13:33:35', 'USB 16GB', 1, 1, 'IT Department', 1, 0, 0, NULL, 0, NULL),
(16, 123, 1, 11, '2019-04-25 13:33:44', 'TV 65 inches', 1, 1, '', 1, 0, 0, NULL, 0, NULL),
(17, 123, 1, 11, '2019-04-25 13:34:20', 'Router', 1, 1, '', 1, 0, 0, NULL, 0, NULL),
(18, 118, 1, 11, '2019-04-25 13:35:27', 'Laptop Core i7, RAM(4GB), 64 bit, x64 Based  Processor HDD 1TB', 1, 1, '', 1, 0, 0, NULL, 0, NULL),
(19, 0, 1, 11, '2019-04-25 13:35:57', 'UPS 600VA/360watts', 1, 1, '', 1, 0, 0, NULL, 0, NULL),
(20, 118, 1, 11, '2019-04-25 13:35:57', 'Charger', 1, 1, '', 1, 0, 0, NULL, 0, NULL),
(21, 118, 1, 11, '2019-04-25 13:36:25', 'Mouse Wireless Optical', 1, 1, '', 1, 0, 0, NULL, 0, NULL),
(22, 118, 1, 11, '2019-04-25 13:37:19', 'Speaker', 1, 1, '', 1, 0, 0, NULL, 0, NULL),
(23, 121, 1, 11, '2019-04-25 13:39:45', 'UPS-650V', 1, 1, '', 1, 0, 0, NULL, 0, NULL),
(24, 119, 1, 11, '2019-04-25 13:40:28', 'CPU, Core i5, RAM(4GB), 64 bit, x64 Based Processor, 500GB HDD', 1, 1, 'Shoppers Guide', 1, 0, 0, NULL, 0, NULL),
(25, 119, 1, 11, '2019-04-25 13:40:50', 'Keyboard', 1, 1, 'Shoppers Guide', 1, 0, 0, NULL, 0, NULL),
(26, 119, 1, 11, '2019-04-25 13:41:18', 'Mouse', 1, 1, 'Shoppers Guide', 1, 0, 0, NULL, 0, NULL),
(27, 119, 1, 11, '2019-04-25 13:42:46', 'UPS-650V', 1, 1, 'Shoppers Guide', 1, 0, 0, NULL, 0, NULL),
(28, 119, 1, 11, '2019-04-25 13:43:15', 'Monitor, 18.5 inches', 1, 1, 'Shoppers Guide', 1, 0, 0, NULL, 0, NULL),
(29, 28, 1, 11, '2019-04-25 13:44:27', 'CPU,Core i5, 32 bit, x64 Based Processor 1TB HDD', 1, 1, 'HR/Admin', 1, 0, 0, NULL, 0, NULL),
(30, 28, 1, 11, '2019-04-25 13:44:47', 'Speaker', 1, 1, 'HR/Admin', 1, 0, 0, NULL, 0, NULL),
(31, 28, 1, 11, '2019-04-25 13:45:13', 'Keyboard', 1, 1, 'HR/Admin', 1, 0, 0, NULL, 0, NULL),
(32, 128, 1, 11, '2019-04-25 13:45:59', 'Wired Keyboard', 1, 1, 'HR/Admin', 1, 0, 0, NULL, 0, NULL),
(33, 28, 1, 11, '2019-04-25 13:46:07', 'Mouse', 1, 1, 'HR/Admin', 1, 0, 0, NULL, 0, NULL),
(34, 28, 1, 11, '2019-04-25 13:46:52', 'Monitor, 18.5 inches', 1, 1, 'HR/Admin', 1, 0, 0, NULL, 0, NULL),
(35, 28, 1, 11, '2019-04-25 13:47:33', 'AVR 220V', 1, 1, 'HR/Admin', 1, 0, 0, NULL, 0, NULL),
(36, 128, 1, 11, '2019-04-25 13:47:46', 'Wired Mouse', 1, 1, 'HR/Admin', 1, 0, 0, NULL, 0, NULL),
(37, 128, 1, 11, '2019-04-25 13:48:25', 'Monitor 13 inches', 1, 1, 'HR/Admin', 1, 0, 0, NULL, 0, NULL),
(38, 124, 1, 11, '2019-04-25 13:48:29', 'Laptop Core i7-4610M CPU, RAM(8GB), 64 bit,x64 Based Processor', 1, 1, 'Shoppers Guide', 1, 0, 0, NULL, 0, NULL),
(39, 124, 1, 11, '2019-04-25 13:49:01', 'Mouse', 1, 1, 'Shoppers Guide', 1, 0, 0, NULL, 0, NULL),
(40, 128, 1, 11, '2019-04-25 13:49:03', 'Speaker', 1, 1, 'HR/Admin', 1, 0, 0, NULL, 0, NULL),
(41, 124, 1, 11, '2019-04-25 13:49:29', 'Charger', 1, 1, 'Shoppers Guide', 1, 0, 0, NULL, 0, NULL),
(42, 128, 1, 11, '2019-04-25 13:50:08', 'AVR 220VA', 1, 1, 'HR/Admin', 1, 0, 0, NULL, 0, NULL),
(43, 125, 1, 11, '2019-04-25 13:50:38', 'CPU, Core i3-4160, RAM(4GB), 64 bit, x64 Based Processor, 500GB HDD', 1, 1, 'Shoppers Guide', 1, 0, 0, NULL, 0, NULL),
(44, 128, 1, 11, '2019-04-25 13:50:50', 'CPU G3260 Intel Pentium, RAM(2GB), 32-bit OS, x64-based processor', 1, 1, 'HR/Admin', 1, 0, 0, NULL, 0, NULL),
(45, 125, 1, 11, '2019-04-25 13:51:03', 'Monitor, 21 Inches', 1, 1, 'Shoppers Guide', 1, 0, 0, NULL, 0, NULL),
(46, 128, 1, 11, '2019-04-25 13:51:40', 'WiFi Adapter', 1, 1, 'HR/Admin', 1, 0, 0, NULL, 0, NULL),
(47, 125, 1, 11, '2019-04-25 13:51:42', 'Mouse(Red)', 1, 1, 'Shoppers Guide', 1, 0, 0, NULL, 0, NULL),
(48, 125, 1, 11, '2019-04-25 13:52:09', 'Mouse', 1, 1, 'Shoppers Guide', 1, 0, 0, NULL, 0, NULL),
(49, 125, 1, 11, '2019-04-25 13:52:49', 'Keyboard', 1, 1, 'Shoppers Guide', 1, 0, 0, NULL, 0, NULL),
(50, 13, 1, 11, '2019-04-25 13:53:05', 'Monitor 14 inches', 1, 1, 'HR/Admin', 1, 0, 0, NULL, 0, NULL),
(51, 125, 1, 11, '2019-04-25 13:53:17', 'Speaker', 1, 1, 'Shoppers Guide', 1, 0, 0, NULL, 0, NULL),
(52, 125, 1, 11, '2019-04-25 13:53:42', 'AVR 220V', 1, 1, 'Shoppers Guide', 1, 0, 0, NULL, 0, NULL),
(53, 13, 1, 11, '2019-04-25 13:53:56', 'Wired Keyboard', 1, 1, 'HR/Admin', 1, 0, 0, NULL, 0, NULL),
(54, 13, 1, 11, '2019-04-25 13:54:32', 'Wired Mouse', 1, 1, 'HR/Admin', 1, 0, 0, NULL, 0, NULL),
(55, 13, 1, 11, '2019-04-25 13:55:23', 'AVR', 1, 1, 'HR/Admin', 1, 0, 0, NULL, 0, NULL),
(56, 13, 1, 11, '2019-04-25 13:56:03', 'UPS 720VA', 1, 1, 'HR/Admin', 1, 0, 0, NULL, 0, NULL),
(57, 13, 1, 11, '2019-04-25 13:56:38', 'CPU Intel Core i3-4170, 4GB, 64bit-OS', 1, 1, 'HR/Admin', 1, 0, 0, NULL, 0, NULL),
(58, 115, 1, 11, '2019-04-25 13:56:57', 'CPU Core i3-4170, RAM(4GB), 64 bit, ', 1, 1, '', 1, 0, 0, NULL, 0, NULL),
(59, 13, 1, 11, '2019-04-25 13:57:15', 'WiFi Adapter', 1, 1, 'HR/Admin', 1, 0, 0, NULL, 0, NULL),
(60, 115, 1, 11, '2019-04-25 13:57:30', 'UPS 650VA', 1, 1, '', 1, 0, 0, NULL, 0, NULL),
(61, 115, 1, 11, '2019-04-25 13:57:58', 'Mouse', 1, 1, '', 1, 0, 0, NULL, 0, NULL),
(62, 115, 1, 11, '2019-04-25 13:58:21', 'Keyboard', 1, 1, '', 1, 0, 0, NULL, 0, NULL),
(63, 0, 1, 11, '2019-04-25 13:58:47', 'Speaker', 1, 1, 'Admin Department', 1, 0, 0, NULL, 0, NULL),
(64, 115, 1, 11, '2019-04-25 13:59:08', 'AVR 220V', 1, 1, '', 1, 0, 0, NULL, 0, NULL),
(65, 129, 1, 4, '2019-04-25 14:00:33', 'Printer', 1, 1, 'Admin', 1, 0, 0, NULL, 0, NULL),
(66, 142, 1, 11, '2019-04-25 14:01:11', 'CPU Intel Core i3-4170, 4GB, 64-bit OS', 1, 1, 'Accounting', 1, 0, 0, NULL, 0, NULL),
(67, 142, 1, 11, '2019-04-25 14:01:48', 'Speaker', 1, 1, 'Accounting', 1, 0, 0, NULL, 0, NULL),
(68, 142, 1, 11, '2019-04-25 14:02:38', 'Wired Mouse', 1, 1, 'Accounting', 1, 0, 0, NULL, 0, NULL),
(69, 0, 1, 11, '2019-04-25 14:02:40', 'Odroid, 32GB(SD CARD)', 1, 1, '', 1, 0, 0, NULL, 0, NULL),
(70, 0, 1, 11, '2019-04-25 14:03:00', 'Mouse', 1, 1, '', 1, 0, 0, NULL, 0, NULL),
(71, 142, 1, 11, '2019-04-25 14:03:26', 'Wired Keyboard', 1, 1, 'Accounting', 1, 0, 0, NULL, 0, NULL),
(72, 0, 1, 11, '2019-04-25 14:03:27', 'Monitor 21 inches', 1, 1, '', 1, 0, 0, NULL, 0, NULL),
(73, 0, 1, 11, '2019-04-25 14:03:51', 'Keyboard', 1, 1, '', 1, 0, 0, NULL, 0, NULL),
(74, 0, 1, 11, '2019-04-25 14:04:13', 'UPS - 625V', 1, 1, '', 1, 0, 0, NULL, 0, NULL),
(75, 142, 1, 11, '2019-04-25 14:05:10', 'Monitor 19 inches', 1, 1, 'Accounting', 1, 0, 0, NULL, 0, NULL),
(76, 141, 1, 11, '2019-04-25 14:06:14', 'CPU Intel Core i3-4170 4GB 64-bit OS', 1, 1, 'Accounting', 1, 0, 0, NULL, 0, NULL),
(77, 130, 1, 11, '2019-04-25 14:06:42', 'CPU, Xeon, E3-1220, 64 bit, RAM(12GB), 1TB HDD and 500GB HDD', 1, 1, '', 1, 0, 0, NULL, 0, NULL),
(78, 141, 1, 11, '2019-04-25 14:06:43', 'Monitor 21 inches', 1, 1, 'Accounting', 1, 0, 0, NULL, 0, NULL),
(79, 130, 1, 11, '2019-04-25 14:07:25', 'UPS - 625V', 1, 1, '', 1, 0, 0, NULL, 0, NULL),
(80, 130, 1, 11, '2019-04-25 14:07:46', 'Router', 1, 1, '', 1, 0, 0, NULL, 0, NULL),
(81, 0, 1, 11, '2019-04-25 14:08:28', 'Router', 1, 1, '', 1, 0, 0, NULL, 0, NULL),
(82, 0, 1, 11, '2019-04-25 14:08:49', 'Router', 1, 1, '', 1, 0, 0, NULL, 0, NULL),
(83, 0, 1, 11, '2019-04-25 14:10:59', 'Cord USB to Printer Photocopier', 1, 1, '', 1, 0, 0, NULL, 0, NULL),
(84, 0, 1, 11, '2019-04-25 14:11:29', 'Cord USB to Printer L355', 1, 1, '', 1, 0, 0, NULL, 0, NULL),
(85, 0, 1, 11, '2019-04-25 14:11:46', 'cord usb to printer L120', 1, 1, '', 1, 0, 0, NULL, 0, NULL),
(86, 141, 1, 11, '2019-04-25 14:11:53', 'Wired Keyboard', 1, 1, 'Accounting', 1, 0, 0, NULL, 0, NULL),
(87, 141, 1, 11, '2019-04-25 14:12:38', 'Wired Mouse', 1, 1, 'Accounting', 1, 0, 0, NULL, 0, NULL),
(88, 141, 1, 11, '2019-04-25 14:13:20', 'AVR 220VA', 1, 1, 'Accounting', 1, 0, 0, NULL, 0, NULL),
(89, 0, 1, 11, '2019-04-25 14:13:53', 'WiFi Adapter', 1, 1, 'Accounting', 1, 0, 0, NULL, 0, NULL),
(90, 22, 1, 11, '2019-04-25 14:15:06', 'Laptop 13.5 inches Intel Core i5-7200U, 4GB RAM, 64-bit OS ', 1, 1, 'Accounting', 1, 0, 0, NULL, 0, NULL),
(91, 22, 1, 11, '2019-04-25 14:15:38', 'Wired Mouse', 1, 1, 'Accounting', 1, 0, 0, NULL, 0, NULL),
(92, 142, 1, 11, '2019-04-25 14:16:26', 'UPS 720VA', 1, 1, 'Accounting', 1, 0, 0, NULL, 0, NULL),
(93, 22, 1, 11, '2019-04-25 14:17:02', 'Charger', 1, 1, 'Accounting', 1, 0, 0, NULL, 0, NULL),
(94, 1, 1, 11, '2019-04-25 14:19:24', 'Laptop Intel Celeron 2955U 4GB RAM 64-bit OS', 1, 1, 'Management', 1, 0, 0, NULL, 0, NULL),
(95, 0, 1, 11, '2019-04-25 14:20:03', 'Charger', 1, 1, 'Management', 1, 0, 0, NULL, 0, NULL),
(96, 1, 1, 11, '2019-04-25 14:20:37', 'Wired Mouse', 1, 1, 'Management', 1, 0, 0, NULL, 0, NULL),
(97, 1, 1, 4, '2019-04-25 14:21:19', 'Printer', 1, 1, 'Management', 1, 0, 0, NULL, 0, NULL),
(98, 37, 1, 11, '2019-04-25 14:22:07', 'CPU Intel Core i3-4160 2GB RAM 32-bit OS', 1, 1, 'Contracts & Compliance', 1, 0, 0, NULL, 0, NULL),
(99, 37, 1, 11, '2019-04-25 14:22:39', 'Monitor 15.5 inches', 1, 1, 'Contracts & Compliance', 1, 0, 0, NULL, 0, NULL),
(100, 37, 1, 11, '2019-04-25 14:23:09', 'Wired Keyboard', 1, 1, 'Contracts & Compliance', 1, 0, 0, NULL, 0, NULL),
(101, 37, 1, 11, '2019-04-25 14:23:38', 'Wired Mouse', 1, 1, 'Contracts & Compliance', 1, 0, 0, NULL, 0, NULL),
(102, 37, 1, 11, '2019-04-25 14:24:06', 'Speaker', 1, 1, 'Contracts & Compliance', 1, 0, 0, NULL, 0, NULL),
(103, 37, 1, 11, '2019-04-25 14:24:33', 'AVR', 1, 1, 'Contracts & Compliance', 1, 0, 0, NULL, 0, NULL),
(104, 37, 1, 11, '2019-04-25 14:25:02', 'UPS 650VA', 1, 1, 'Contracts & Compliance', 1, 0, 0, NULL, 0, NULL),
(105, 37, 1, 11, '2019-04-25 14:25:34', 'WiFi Adapter', 1, 1, 'Contracts & Compliance', 1, 0, 0, NULL, 0, NULL),
(106, 0, 1, 11, '2019-04-25 14:26:57', 'CPU Intel Core i3-4170 4GB RAM 64-bit OS', 1, 1, '', 1, 0, 0, NULL, 0, NULL),
(107, 12, 1, 11, '2019-04-25 14:27:37', 'Monitor 15.5 inches', 1, 1, '', 1, 0, 0, NULL, 0, NULL),
(108, 140, 1, 11, '2019-04-25 14:28:26', 'Wired Keyboard', 1, 1, '', 1, 0, 0, NULL, 0, NULL),
(109, 140, 1, 11, '2019-04-25 14:29:10', 'Wired Mouse', 1, 1, '', 1, 0, 0, NULL, 0, NULL),
(110, 31, 1, 11, '2019-04-25 14:29:44', 'Intel Core i3-4170 CPU @3.70GHz, 4GB RAM, 500GB HDD', 1, 1, 'IT Department', 1, 0, 0, NULL, 0, NULL),
(111, 0, 1, 11, '2019-04-25 14:29:46', 'UPS 720VA', 1, 1, '', 1, 0, 0, NULL, 0, NULL),
(112, 0, 1, 11, '2019-04-25 14:30:17', 'CPU Intel Core i5-7400 4GB RAM 64-bit OS, 500gb HDD', 1, 1, '', 1, 0, 0, NULL, 0, NULL),
(113, 0, 1, 11, '2019-04-25 14:30:42', 'Monitor 15.5 inches', 1, 1, '', 1, 0, 0, NULL, 0, NULL),
(114, 0, 1, 11, '2019-04-25 14:31:26', 'Wired Keyboard', 1, 1, '', 1, 0, 0, NULL, 0, NULL),
(115, 31, 1, 11, '2019-04-25 14:31:49', 'Keyboard', 1, 1, 'IT Department', 1, 0, 0, NULL, 0, NULL),
(116, 0, 1, 11, '2019-04-25 14:31:54', 'Wired Mouse', 1, 1, '', 1, 0, 0, NULL, 0, NULL),
(117, 133, 1, 11, '2019-04-25 14:32:30', 'UPS 720VA', 1, 1, '', 1, 0, 0, NULL, 0, NULL),
(118, 31, 1, 11, '2019-04-25 14:32:58', 'Mouse', 1, 1, 'IT Department', 1, 0, 0, NULL, 0, NULL),
(119, 33, 1, 11, '2019-04-25 14:33:26', 'CPU Intel Core i3-4170 4GB RAM 64-bit OS', 1, 1, 'HR/Admin', 1, 0, 0, NULL, 0, NULL),
(120, 33, 1, 11, '2019-04-25 14:34:02', 'Monitor 18.5 inches', 1, 1, 'HR/Admin', 1, 0, 0, NULL, 0, NULL),
(121, 33, 1, 11, '2019-04-25 14:34:42', 'Wired Keyboard', 1, 1, 'HR/Admin', 1, 0, 0, NULL, 0, NULL),
(122, 33, 1, 11, '2019-04-25 14:35:18', 'Wired Mouse', 1, 1, 'HR/Admin', 1, 0, 0, NULL, 0, NULL),
(123, 33, 1, 11, '2019-04-25 14:35:50', 'UPS 650VA', 1, 1, 'HR/Admin', 1, 0, 0, NULL, 0, NULL),
(124, 31, 1, 11, '2019-04-25 14:35:58', '19inches Monitor', 1, 1, 'IT Department', 1, 0, 0, NULL, 0, NULL),
(125, 0, 1, 11, '2019-04-25 14:36:26', 'WiFi Adapter', 1, 1, '', 1, 0, 0, NULL, 0, NULL),
(126, 31, 1, 11, '2019-04-25 14:37:22', 'WIFI Adapter', 1, 1, 'IT Department', 1, 0, 0, NULL, 0, NULL),
(127, 33, 1, 11, '2019-04-25 14:37:29', 'WiFi Adapter', 1, 1, 'HR/Admin', 1, 0, 0, NULL, 0, NULL),
(128, 3, 1, 11, '2019-04-25 14:38:50', 'Laptop 14inches, Intel Core i5-5200U CPU @ 2.20GHz, 4GB RAM, 1TB HDD', 1, 1, 'IT Department', 1, 0, 0, NULL, 0, NULL),
(129, 3, 1, 11, '2019-04-25 14:39:16', 'Wireless Mouse with adapter', 1, 1, 'IT Department', 1, 0, 0, NULL, 0, NULL),
(130, 3, 1, 11, '2019-04-25 14:39:45', 'Laptop Charger', 1, 1, 'IT Department', 1, 0, 0, NULL, 0, NULL),
(131, 14, 1, 11, '2019-04-25 14:40:23', '18.5 inches Monitor', 1, 1, 'IT Department', 1, 0, 0, NULL, 0, NULL),
(132, 14, 1, 11, '2019-04-25 14:40:59', 'Wired Keyboard', 1, 1, 'IT Department', 1, 0, 0, NULL, 0, NULL),
(133, 14, 1, 11, '2019-04-25 14:41:39', 'Wired Mouse', 1, 1, 'IT Department', 1, 0, 0, NULL, 0, NULL),
(134, 14, 1, 11, '2019-04-25 14:42:08', 'Intel Core i5-7400 CPU @ 3.00Ghz, 4GB RAM, 500HDD', 1, 1, 'IT Department', 1, 0, 0, NULL, 0, NULL),
(135, 14, 1, 11, '2019-04-25 14:42:35', 'Orange Speaker', 1, 1, 'IT Department', 1, 0, 0, NULL, 0, NULL),
(136, 14, 1, 11, '2019-04-25 14:43:02', 'UPS', 1, 1, 'IT Department', 1, 0, 0, NULL, 0, NULL),
(137, 14, 1, 11, '2019-04-25 14:43:29', 'WIFI Adapter', 1, 1, 'IT Department', 1, 0, 0, NULL, 0, NULL),
(138, 130, 1, 11, '2019-04-25 14:44:32', '40inches Curve Monitor', 1, 1, '', 1, 0, 0, NULL, 0, NULL),
(139, 19, 1, 11, '2019-04-25 14:45:03', 'Wired Keyboard', 1, 1, '', 1, 0, 0, NULL, 0, NULL),
(140, 130, 1, 11, '2019-04-25 14:45:39', 'Wired Mouse', 1, 1, '', 1, 0, 0, NULL, 0, NULL),
(141, 0, 1, 11, '2019-04-25 14:46:12', 'Laptop intel(R) core i5 CPU 2GB 64bit OS', 1, 1, '', 1, 0, 0, NULL, 0, NULL),
(142, 130, 1, 11, '2019-04-25 14:46:23', 'Intel Core i5-4460 CPU @ 3.20GHz, 8GB RAM, 1TB HDD', 1, 1, '', 1, 0, 0, NULL, 0, NULL),
(143, 130, 1, 11, '2019-04-25 14:46:58', 'AVR', 1, 1, '', 1, 0, 0, NULL, 0, NULL),
(144, 28, 1, 11, '2019-04-25 14:47:26', 'UPS', 1, 1, 'HR/Admin', 1, 0, 0, NULL, 0, NULL),
(145, 130, 1, 11, '2019-04-25 14:48:49', '40inches Curve Monitor', 1, 1, '', 1, 0, 0, NULL, 0, NULL),
(146, 130, 1, 11, '2019-04-25 14:49:13', 'Wired Keyboard', 1, 1, '', 1, 0, 0, NULL, 0, NULL),
(147, 130, 1, 11, '2019-04-25 14:49:38', 'Wired Mouse', 1, 1, '', 1, 0, 0, NULL, 0, NULL),
(148, 0, 1, 11, '2019-04-25 14:49:45', 'Speaker', 1, 1, '', 1, 0, 0, NULL, 0, NULL),
(149, 130, 1, 11, '2019-04-25 14:49:58', 'Intel Core i5-4460 CPU @ 3.20GHz, 8GB RAM, 1TB HDD', 1, 1, '', 1, 0, 0, NULL, 0, NULL),
(150, 130, 1, 11, '2019-04-25 14:50:22', 'AVR', 1, 1, '', 1, 0, 0, NULL, 0, NULL),
(151, 130, 1, 11, '2019-04-25 14:50:56', 'UPS', 1, 1, '', 1, 0, 0, NULL, 0, NULL),
(152, 24, 1, 11, '2019-04-25 14:51:44', '21.5inches Monitor', 1, 1, 'Trading', 1, 0, 0, NULL, 0, NULL),
(153, 0, 1, 11, '2019-04-25 14:51:47', 'headphones', 1, 1, '', 1, 0, 0, NULL, 0, NULL),
(154, 24, 1, 11, '2019-04-25 14:52:31', 'Wired Keyboard', 1, 1, 'Trading', 1, 0, 0, NULL, 0, NULL),
(155, 0, 1, 11, '2019-04-25 14:52:34', 'mouse', 1, 1, '', 1, 0, 0, NULL, 0, NULL),
(156, 24, 1, 11, '2019-04-25 14:52:58', 'Wired Mouse', 1, 1, 'Trading', 1, 0, 0, NULL, 0, NULL),
(157, 24, 1, 11, '2019-04-25 14:53:25', 'Intel Core i3-4160 @3.60GHz, 4GB RAM,', 1, 1, 'Trading', 1, 0, 0, NULL, 0, NULL),
(158, 24, 1, 11, '2019-04-25 14:53:58', 'AVR', 1, 1, 'Trading', 1, 0, 0, NULL, 0, NULL),
(159, 121, 1, 11, '2019-04-25 14:54:10', 'AVR 220V', 1, 1, '', 1, 0, 0, NULL, 0, NULL),
(160, 24, 1, 11, '2019-04-25 14:54:19', 'WIFI Adapter', 1, 1, 'Trading', 1, 0, 0, NULL, 0, NULL),
(161, 24, 1, 11, '2019-04-25 14:54:49', 'White Speaker', 1, 1, 'Trading', 1, 0, 0, NULL, 0, NULL),
(162, 131, 1, 11, '2019-04-25 14:56:06', '18.5inhes Monitor', 1, 1, 'Trading Department', 1, 0, 0, NULL, 0, NULL),
(163, 131, 1, 11, '2019-04-25 14:56:34', 'Wired Keyboard', 1, 1, 'Trading Department', 1, 0, 0, NULL, 0, NULL),
(164, 131, 1, 11, '2019-04-25 14:58:38', 'Wired Mouse', 1, 1, 'Trading Department', 1, 0, 0, NULL, 0, NULL),
(165, 131, 1, 11, '2019-04-25 14:59:02', 'Intel Core i5-7400 CPU @3.00GHz, 4GB RAM, 500GB HDD', 1, 1, 'Trading Department', 1, 0, 0, NULL, 0, NULL),
(166, 131, 1, 11, '2019-04-25 14:59:28', 'WIFI Adapter', 1, 1, 'Trading Department', 1, 0, 0, NULL, 0, NULL),
(167, 130, 1, 11, '2019-04-25 14:59:54', '3-1 Printer', 1, 1, '', 1, 0, 0, NULL, 0, NULL),
(168, 0, 1, 11, '2019-04-25 16:32:18', 'AVR', 1, 1, '', 1, 0, 0, NULL, 0, NULL),
(169, 0, 1, 11, '2019-04-25 16:32:44', 'Charger', 1, 1, '', 1, 0, 0, NULL, 0, NULL),
(170, 0, 1, 11, '2019-04-25 16:33:16', 'charger', 1, 1, '', 1, 0, 0, NULL, 0, NULL),
(171, 0, 1, 11, '2019-04-25 16:34:26', 'Wired Mouse', 1411300372, 1, '', 1, 0, 0, NULL, 0, NULL),
(172, 0, 1, 11, '2019-04-25 16:40:32', 'Wired Mouse', 1, 1, '', 1, 0, 0, NULL, 0, NULL),
(173, 0, 1, 11, '2019-04-25 16:41:03', 'AVR', 1, 1, '', 1, 0, 0, NULL, 0, NULL),
(174, 0, 1, 11, '2019-04-25 16:51:11', 'Laptop Intel(R) Core(TM) i3-4030U CPU 1.90GHz 4GB RAM 64Bit OS 1TeraHDD', 1, 1, '', 1, 0, 0, NULL, 0, NULL),
(175, 129, 1, 11, '2019-04-25 16:52:04', 'Laptop 12.5 inches Intel Core i5-4300U, 4GB RAM, 64-bit OS ', 1, 1, 'Admin', 1, 0, 0, NULL, 0, NULL),
(176, 0, 1, 11, '2019-04-25 16:58:27', 'Charger', 1, 1, '', 1, 0, 0, NULL, 0, NULL),
(177, 129, 1, 11, '2019-04-25 16:59:18', 'Charger', 1, 1, 'Admin', 1, 0, 0, NULL, 0, NULL),
(178, 129, 1, 11, '2019-04-25 17:00:04', 'Wired Mouse', 1, 1, 'Admin', 1, 0, 0, NULL, 0, NULL),
(179, 132, 1, 11, '2019-04-25 17:06:33', 'Monitor 19in', 1, 0, 'IT Department', 1, 0, 0, NULL, 0, NULL),
(180, 132, 1, 11, '2019-04-25 17:07:49', 'Keyboard', 1, 1, 'IT Department', 1, 0, 0, NULL, 0, NULL),
(181, 132, 1, 11, '2019-04-25 17:31:06', 'Wired Mouse ', 1, 1, 'IT Department', 1, 0, 0, NULL, 0, NULL),
(182, 132, 1, 11, '2019-04-26 09:56:26', 'CPU core i5-7400 4GB(RAM), 64bit OS', 1, 1, 'IT Department', 1, 0, 0, NULL, 0, NULL),
(183, 0, 1, 11, '2019-04-26 09:57:13', 'AVR', 1, 1, 'IT Department', 1, 0, 0, NULL, 0, NULL),
(184, 132, 1, 11, '2019-04-26 09:57:46', 'UPS', 1, 1, 'IT Department', 1, 0, 0, NULL, 0, NULL),
(185, 132, 1, 4, '2019-04-26 09:58:41', 'EPSON flatbed/feeder scanner', 1, 1, 'IT Department', 1, 0, 0, NULL, 0, NULL),
(186, 132, 1, 11, '2019-04-26 09:59:18', 'Wifi adapter', 1, 1, 'IT Department', 1, 0, 0, NULL, 0, NULL),
(187, 27, 1, 11, '2019-04-26 10:02:25', 'Monitor 19in', 1, 1, 'Finance', 1, 0, 0, NULL, 0, NULL),
(188, 27, 1, 11, '2019-04-26 10:03:47', 'Wired Keyboard', 1, 1, 'Finance', 1, 0, 0, NULL, 0, NULL),
(189, 27, 1, 11, '2019-04-26 11:20:39', 'Wired Mouse ', 1, 1, 'Finance', 1, 0, 0, NULL, 0, NULL),
(190, 27, 1, 11, '2019-04-26 11:23:54', 'AVR', 1, 1, 'Finance', 1, 0, 0, NULL, 0, NULL),
(191, 27, 1, 11, '2019-04-26 11:24:21', 'CPU intel(r) core i3-7100, 4GB (RAM', 1, 1, 'Finance', 1, 0, 0, NULL, 0, NULL),
(192, 27, 1, 11, '2019-04-26 11:25:18', 'UPS', 1, 1, 'Finance', 1, 0, 0, NULL, 0, NULL),
(193, 140, 1, 11, '2019-04-26 11:28:27', 'Monitor 18.5in', 1, 1, 'HR/Admin', 1, 0, 0, NULL, 0, NULL),
(194, 0, 1, 11, '2019-04-26 11:28:58', 'Wired Keyboard', 1, 1, 'HR/Admin', 1, 0, 0, NULL, 0, NULL),
(195, 36, 1, 11, '2019-04-26 11:29:24', 'Wired Mouse ', 1, 1, 'IT Department', 1, 0, 0, NULL, 0, NULL),
(196, 140, 1, 11, '2019-04-26 11:30:22', 'CPU INTEL CORE(TM) i3-7100, 4Gb (RAM), 64bit OS', 1, 1, 'HR/Admin', 1, 0, 0, NULL, 0, NULL),
(197, 130, 1, 11, '2019-04-26 11:30:44', 'UPS', 1, 1, 'HR/Admin', 1, 0, 0, NULL, 0, NULL),
(198, 140, 1, 11, '2019-04-26 11:31:14', 'AVR', 1, 1, 'HR/Admin', 1, 0, 0, NULL, 0, NULL),
(199, 127, 1, 4, '2019-04-26 11:31:55', 'EPSON FLATBED Scanner', 1, 1, 'HR/Admin', 1, 0, 0, NULL, 0, NULL),
(200, 0, 1, 11, '2019-04-26 11:34:13', 'Speaker', 1, 1, 'HR/Admin', 1, 0, 0, NULL, 0, NULL),
(201, 139, 1, 11, '2019-04-26 11:35:59', 'Monitor', 1, 1, 'Finance', 1, 0, 0, NULL, 0, NULL),
(202, 139, 1, 11, '2019-04-26 11:36:26', 'Wired Mouse ', 1, 1, 'Finance', 1, 0, 0, NULL, 0, NULL),
(203, 139, 1, 11, '2019-04-26 11:37:27', 'Wired Keyboard', 1, 1, 'Finance', 1, 0, 0, NULL, 0, NULL),
(204, 0, 1, 11, '2019-04-26 11:38:02', 'UPS 650', 1, 1, 'Finance', 1, 0, 0, NULL, 0, NULL),
(205, 139, 1, 11, '2019-04-26 11:38:33', 'CPU Intel Core i3-4160 2GB RAM 32-bit OS', 1, 1, 'Finance', 1, 0, 0, NULL, 0, NULL),
(206, 34, 1, 11, '2019-04-26 11:39:19', 'CPU Intel Core i3-4150 4GB 64-bit OS', 1, 1, 'Finance', 1, 0, 0, NULL, 0, NULL),
(207, 34, 1, 11, '2019-04-26 11:39:37', 'AVR', 1, 1, 'Finance', 1, 0, 0, NULL, 0, NULL),
(208, 34, 1, 11, '2019-04-26 11:40:00', 'Wired Keyboard', 1, 1, 'Finance', 1, 0, 0, NULL, 0, NULL),
(209, 34, 1, 11, '2019-04-26 11:40:29', 'Wired Mouse ', 1, 1, 'Finance', 1, 0, 0, NULL, 0, NULL),
(210, 34, 1, 11, '2019-04-26 11:40:52', 'Monitor', 1, 1, 'Finance', 1, 0, 0, NULL, 0, NULL),
(211, 35, 1, 11, '2019-04-26 11:41:26', 'Monitor 18.5in', 1, 1, 'HR/Admin', 1, 0, 0, NULL, 0, NULL),
(212, 35, 1, 11, '2019-04-26 11:41:50', 'Wired Keyboard', 1, 1, 'HR/Admin', 1, 0, 0, NULL, 0, NULL),
(213, 35, 1, 11, '2019-04-26 11:42:21', 'Wired Mouse ', 1, 1, 'HR/Admin', 1, 0, 0, NULL, 0, NULL),
(214, 35, 1, 11, '2019-04-26 11:42:50', 'CPU Intel  Core i3-4150 CPU @ 3.50Ghz', 1, 1, 'HR/Admin', 1, 0, 0, NULL, 0, NULL),
(215, 35, 1, 11, '2019-04-26 11:43:12', 'UPS', 1, 1, 'HR/Admin', 1, 0, 0, NULL, 0, NULL),
(216, 12, 1, 11, '2019-04-26 11:43:55', 'CPU Intel Pentium G2020 2GB RAM 32-bit OS', 1, 1, 'Accounting / Finance', 1, 0, 0, NULL, 0, NULL),
(217, 12, 1, 11, '2019-04-26 11:44:19', 'Monitor 15.5 inch', 1, 1, 'Accounting / Finance', 1, 0, 0, NULL, 0, NULL),
(218, 12, 1, 11, '2019-04-26 11:45:05', 'Wired Mouse', 1, 1, 'Accounting / Finance', 1, 0, 0, NULL, 0, NULL),
(219, 12, 1, 11, '2019-04-26 11:45:58', 'Wired Keyboard', 1, 1, 'Accounting / Finance', 1, 0, 0, NULL, 0, NULL),
(220, 12, 1, 11, '2019-04-26 11:46:23', 'AVR', 1, 1, 'Accounting / Finance', 1, 0, 0, NULL, 0, NULL),
(221, 12, 1, 11, '2019-04-26 11:46:53', 'Speaker', 1, 1, 'Accounting / Finance', 1, 0, 0, NULL, 0, NULL),
(222, 6, 1, 11, '2019-04-26 11:47:39', 'Monitor 18.5in', 1, 1, 'Purchasing', 1, 0, 0, NULL, 0, NULL),
(223, 6, 1, 11, '2019-04-26 11:48:01', 'Wired Keyboard', 1, 1, 'Purchasing', 1, 0, 0, NULL, 0, NULL),
(224, 6, 1, 11, '2019-04-26 11:48:52', 'Wired Mouse', 1, 1, 'Purchasing', 1, 0, 0, NULL, 0, NULL),
(225, 6, 1, 11, '2019-04-26 11:49:15', 'CPU Inter Pentium CPU G2030 @ 3.00Ghz', 1, 1, 'Purchasing', 1, 0, 0, NULL, 0, NULL),
(226, 6, 1, 11, '2019-04-26 11:49:37', 'AVR', 1, 1, 'Purchasing', 1, 0, 0, NULL, 0, NULL),
(227, 6, 1, 11, '2019-04-26 11:49:58', 'Speaker', 1, 1, 'Purchasing', 1, 0, 0, NULL, 0, NULL),
(228, 4, 1, 11, '2019-04-26 11:51:44', 'Monitor 16in', 1, 1, 'Purchasing', 1, 0, 0, NULL, 0, NULL),
(229, 4, 1, 11, '2019-04-26 11:52:04', 'Wired Keyboard', 1, 1, 'Purchasing', 1, 0, 0, NULL, 0, NULL),
(230, 4, 1, 11, '2019-04-26 11:52:25', 'Wired Mouse ', 1, 1, 'Purchasing', 1, 0, 0, NULL, 0, NULL),
(231, 4, 1, 11, '2019-04-26 11:52:47', 'UPS', 1, 1, 'Purchasing', 1, 0, 0, NULL, 0, NULL),
(232, 4, 1, 11, '2019-04-26 11:53:13', 'AVR', 1, 1, 'Purchasing', 1, 0, 0, NULL, 0, NULL),
(233, 4, 1, 11, '2019-04-26 11:53:34', 'CPU INTEL CORE i3-4170 @ 3.70Ghz', 1, 1, 'Purchasing', 1, 0, 0, NULL, 0, NULL),
(234, 0, 1, 11, '2019-04-26 11:55:01', 'Laptop 14in, INTEL CORE i5-4210U CPU @1.70ghz 2.40ghz,  4GB RAM, 64-bit OS', 1, 1, 'IT Department', 1, 0, 0, NULL, 0, NULL),
(235, 0, 1, 10, '2019-04-26 11:55:30', 'Charger ', 1, 1, 'IT Department', 1, 0, 0, NULL, 0, NULL),
(236, 0, 1, 11, '2019-04-26 12:01:01', 'Printer', 1, 1, '', 1, 0, 0, NULL, 0, NULL),
(237, 19, 1, 11, '2019-04-26 12:02:39', 'Monitor 16in', 1, 1, 'Accounting', 1, 0, 0, NULL, 0, NULL),
(238, 0, 1, 11, '2019-04-26 12:04:00', 'Wired Keyboard', 1, 1, 'Accounting', 1, 0, 0, NULL, 0, NULL),
(239, 19, 1, 11, '2019-04-26 12:04:30', 'Wired Mouse ', 1, 1, 'Accounting', 1, 0, 0, NULL, 0, NULL),
(240, 19, 1, 11, '2019-04-26 12:04:54', 'UPS', 1, 1, 'Accounting', 1, 0, 0, NULL, 0, NULL),
(241, 19, 1, 11, '2019-04-26 12:05:16', 'AVR', 1, 1, 'Accounting', 1, 0, 0, NULL, 0, NULL),
(242, 19, 1, 11, '2019-04-26 12:05:53', 'CPU INTEL CORE i3-4160 @ 360Ghz', 1, 1, 'Accounting', 1, 0, 0, NULL, 0, NULL),
(243, 19, 1, 11, '2019-04-26 12:06:11', 'speaker', 1, 1, 'Accounting', 1, 0, 0, NULL, 0, NULL),
(244, 8, 1, 11, '2019-04-26 12:08:15', 'CPU Intel Core i3-7100 4GB 64-bit OS', 1, 1, 'Accounting', 1, 0, 0, NULL, 0, NULL),
(245, 8, 1, 11, '2019-04-26 12:08:37', 'AVR 220VAC', 1, 1, 'Accounting', 1, 0, 0, NULL, 0, NULL),
(246, 8, 1, 11, '2019-04-26 12:09:31', 'UPS 720VA', 1, 1, 'Accounting', 1, 0, 0, NULL, 0, NULL),
(247, 8, 1, 11, '2019-04-26 12:10:09', 'Speaker', 1, 1, 'Accounting', 1, 0, 0, NULL, 0, NULL),
(248, 8, 1, 11, '2019-04-26 12:10:37', 'Wired Mouse', 1, 1, 'Accounting', 1, 0, 0, NULL, 0, NULL),
(249, 8, 1, 11, '2019-04-26 12:10:59', 'Wired Keyboard', 1, 1, 'Accounting', 1, 0, 0, NULL, 0, NULL),
(250, 8, 1, 11, '2019-04-26 12:11:35', 'Monitor 18.5 inches', 1, 1, 'Accounting', 1, 0, 0, NULL, 0, NULL),
(251, 130, 1, 11, '2019-04-26 12:12:05', 'CPU intel core i5', 1, 1, '', 1, 0, 0, NULL, 0, NULL),
(252, 130, 1, 11, '2019-04-26 12:12:31', 'Monitor 16''', 1, 1, '', 1, 0, 0, NULL, 0, NULL),
(253, 130, 1, 11, '2019-04-26 12:13:09', 'Wired Mouse', 1, 1, '', 1, 0, 0, NULL, 0, NULL),
(254, 130, 1, 11, '2019-04-26 12:13:31', 'Wired Keyboard', 1, 1, '', 1, 0, 0, NULL, 0, NULL),
(255, 130, 1, 11, '2019-04-26 12:13:54', 'AVR', 1, 1, '', 1, 0, 0, NULL, 0, NULL),
(256, 130, 1, 11, '2019-04-26 12:14:19', 'Router', 1, 1, '', 1, 0, 0, NULL, 0, NULL),
(257, 130, 1, 11, '2019-04-26 12:15:08', 'LED TV 40''', 5, 1, '', 1, 0, 0, NULL, 0, NULL),
(258, 130, 1, 11, '2019-04-26 12:16:19', 'VGA dock', 2, 1, '', 1, 0, 0, NULL, 0, NULL),
(259, 17, 1, 11, '2019-04-26 15:15:00', 'AVR', 1, 1, 'EMG-Billing', 1, 0, 0, NULL, 0, NULL),
(260, 139, 1, 4, '2019-04-26 15:27:13', 'Dot Matrix Printer', 1, 1, 'Finance', 1, 0, 0, NULL, 0, NULL),
(261, 15, 1, 11, '2019-04-27 11:54:56', 'Wired PS2 Mouse', 1, 1, '', 3, 0, 0, NULL, 0, NULL),
(262, 0, 1, 11, '2019-04-30 17:08:48', 'Wifi Adaptor', 1, 1, '', 1, 0, 0, NULL, 0, NULL),
(263, 115, 1, 11, '2019-05-07 11:21:36', 'Monitor, 19 inches', 1, 1, '', 1, 0, 0, NULL, 0, NULL),
(264, 0, 1, 11, '2019-05-23 08:14:26', 'Charger', 1, 1, 'IT Department', 1, 0, 0, NULL, 0, NULL),
(265, 0, 1, 11, '2019-05-27 11:28:56', 'Switching Adapter ', 1, 1, 'IT Department', 1, 0, 0, NULL, 0, NULL),
(266, 0, 1, 11, '2019-06-07 14:50:52', 'HDMI', 1, 1, 'IT Department', 1, 0, 0, NULL, 0, NULL),
(267, 127, 1, 11, '2019-06-07 14:51:55', 'HDMI', 1, 1, 'IT Department', 1, 0, 0, NULL, 0, NULL),
(268, 0, 1, 11, '2019-06-07 14:52:33', 'Audio Jack', 1, 1, 'IT Department', 1, 0, 0, NULL, 0, NULL),
(269, 0, 1, 11, '2019-06-20 11:57:28', 'Mouse Wireless', 1, 1, 'IT Department', 1, 0, 0, NULL, 0, NULL),
(270, 130, 1, 11, '2019-06-20 11:59:00', 'Keyboard', 1, 1, 'IT Department', 1, 0, 0, NULL, 0, NULL),
(271, 0, 1, 11, '2019-07-01 14:23:21', 'WebCam', 1, 1, 'IT Department', 1, 0, 0, NULL, 0, NULL),
(272, 0, 1, 4, '2019-07-01 14:27:37', 'Lazy clamp holder', 1, 1, 'IT Department', 1, 0, 0, NULL, 0, NULL),
(273, 0, 1, 4, '2019-07-09 15:36:22', 'Battery Charger', 1, 1, 'Trading', 1, 0, 0, NULL, 0, NULL),
(274, 0, 1, 11, '2019-07-09 15:38:01', 'Wifi Adapter ', 1, 1, 'IT Department', 1, 0, 0, NULL, 0, NULL),
(275, 0, 1, 11, '2019-07-09 15:39:13', 'Wireless Mouse', 1, 1, 'Trading', 1, 0, 0, NULL, 0, NULL),
(276, 0, 1, 11, '2019-07-09 15:41:38', 'Wireless Keyboard', 1, 1, 'Trading', 1, 0, 0, NULL, 0, NULL),
(277, 0, 1, 11, '2019-07-09 15:43:08', 'Wireless Mouse', 1, 1, 'trading', 1, 0, 0, NULL, 0, NULL),
(278, 0, 1, 11, '2019-07-09 15:44:49', 'Wireless Keyboard', 1, 1, 'Trading', 1, 0, 0, NULL, 0, NULL),
(279, 150, 1, 11, '2019-07-19 14:26:47', 'Laptop HP 15.6 2.10 GHz Intel Pentium Dual-Core Processor T4300 3GB DDR2 memory 320GB SATA hard drive Microsoft Windows 7 Home Premium Edition 64-bit', 1, 1, 'ShoppersGuide', 1, 0, 0, NULL, 0, NULL),
(280, 0, 1, 11, '2019-07-19 14:30:38', 'Charger', 1, 1, 'Shoppers Guide', 1, 0, 0, NULL, 0, NULL),
(281, 0, 1, 11, '2019-07-19 14:33:24', 'Laptop Asus 14.0" Intel Core i3 3217U	Processor Windows 8 Intel HM76/HM70 Express Chipset DDR3 1600 MHz SDRAM, up to 4 G  500 GB Storage', 1, 1, 'Accounting', 1, 0, 0, NULL, 0, NULL),
(282, 0, 1, 11, '2019-07-19 14:34:36', 'Charger', 1, 1, 'Accounting', 1, 0, 0, NULL, 0, NULL),
(283, 0, 1, 11, '2019-08-06 11:51:25', 'Wifi Adapter', 1, 1, 'IT', 1, 0, 0, NULL, 0, NULL),
(284, 0, 1, 11, '2019-08-08 10:06:42', 'Speaker', 1, 1, 'IT', 1, 0, 0, NULL, 0, NULL),
(285, 0, 1, 11, '2019-08-08 10:08:38', 'Speaker''s  Remote Control ', 1, 1, 'IT', 1, 0, 0, NULL, 0, NULL),
(286, 0, 1, 11, '2019-08-08 10:09:26', 'AUX Cable', 1, 1, 'IT', 1, 0, 0, NULL, 0, NULL),
(287, 0, 1, 11, '2019-08-08 10:12:37', 'AUX Cable 2RCA 3.55mm Male', 1, 1, 'IT', 1, 0, 0, NULL, 0, NULL),
(288, 6, 1, 11, '2019-08-08 14:06:07', 'DDR3 2G/1333/2568 UL CL9 ', 1, 1, 'Purchasing', 1, 0, 0, NULL, 0, NULL),
(289, 6, 1, 11, '2019-08-09 13:58:21', 'DDR3 4GB KINGSTON PC 12800', 1, 1, 'Purchasing', 1, 0, 0, NULL, 0, NULL),
(290, 0, 1, 11, '2019-08-09 15:34:07', 'Switching Adaptor for Globe Router', 1, 1, 'IT', 1, 0, 0, NULL, 0, NULL),
(291, 0, 1, 11, '2019-08-09 15:36:17', 'Power Cord', 1, 1, 'IT Department', 1, 0, 0, NULL, 0, NULL),
(292, 0, 1, 11, '2019-08-09 15:38:39', 'VGA Cable Male to Male (1.5 meter)', 1, 1, 'IT Department', 1, 0, 0, NULL, 0, NULL),
(293, 0, 1, 11, '2019-08-13 11:25:14', 'Wifi Adaptor', 1, 1, 'IT Department', 1, 0, 0, NULL, 0, NULL),
(294, 4, 1, 11, '2019-08-16 16:48:16', 'VGA Cable', 1, 1, 'Purchasing', 1, 0, 0, NULL, 0, NULL),
(295, 142, 1, 11, '2019-09-03 10:21:08', 'USB 16 GB', 1, 1, '', 1, 0, 0, NULL, 0, NULL),
(296, 140, 1, 11, '2019-09-26 15:24:08', 'USB Wifi Adapter', 1, 1, 'Renewable Energy Department', 1, 0, 0, NULL, 0, NULL),
(297, 17, 1, 11, '2019-10-16 16:05:00', '4 GB RAM PC3 12800', 1, 1, 'EMG-Billing', 1, 0, 0, NULL, 0, NULL),
(298, 0, 1, 4, '2019-11-27 13:09:07', 'USB cord', 1, 1, '', 1, 0, 0, NULL, 0, NULL),
(299, 0, 1, 11, '2019-11-28 14:55:57', 'Monitor 15.6 inches', 1, 2, '', 1, 0, 0, NULL, 0, NULL),
(300, 0, 1, 11, '2019-11-28 14:57:34', 'HDMI', 1, 1, '', 1, 0, 0, NULL, 0, NULL),
(301, 0, 1, 11, '2019-11-28 14:58:22', 'VGA', 1, 1, '', 1, 0, 0, NULL, 0, NULL),
(302, 0, 1, 11, '2019-11-28 14:59:20', 'Audio Jack', 1, 1, '', 1, 0, 0, NULL, 0, NULL),
(303, 0, 1, 11, '2019-11-28 15:00:08', 'Laser Pointer', 1, 2, '', 1, 0, 0, NULL, 0, NULL),
(304, 0, 1, 11, '2019-11-28 15:01:22', 'Remote Control for Projector', 1, 2, '', 1, 0, 0, NULL, 0, NULL),
(305, 150, 1, 11, '2019-11-28 15:11:05', 'Laptop Charger', 1, 2, 'ShoppersGuide', 1, 0, 0, NULL, 0, NULL),
(306, 139, 1, 11, '2019-11-28 15:17:01', 'UPS 650VA', 1, 2, '', 1, 0, 0, NULL, 0, NULL),
(307, 17, 1, 11, '2019-11-28 15:20:47', 'UPS Sealed Lead Acid Battery (12V4.5AH)', 1, 1, 'EMG-Billing', 1, 0, 0, NULL, 0, NULL),
(308, 0, 1, 11, '2019-11-28 15:40:43', 'USB 16GB', 1, 1, '', 1, 0, 0, NULL, 0, NULL),
(309, 0, 1, 11, '2019-11-28 15:46:53', 'UPS 1200', 1, 2, '', 1, 0, 0, NULL, 0, NULL),
(310, 0, 1, 11, '2020-01-02 09:56:12', 'Keyboard', 1, 1, '', 1, 0, 0, NULL, 0, NULL),
(311, 0, 1, 11, '2020-01-02 10:11:59', 'Monitor 19 inch LED Backlit Display 47cm', 1, 2, '', 1, 0, 0, NULL, 0, NULL),
(312, 0, 1, 11, '2020-01-02 10:14:06', 'Wifi Adapter', 1, 1, '', 1, 0, 0, NULL, 0, NULL),
(313, 149, 1, 11, '2020-01-02 10:18:14', 'Wired Mouse', 1, 2, '', 1, 0, 0, NULL, 0, NULL),
(314, 0, 1, 11, '2020-01-02 10:19:55', 'UPS', 1, 2, '', 1, 0, 0, NULL, 0, NULL),
(315, 0, 1, 11, '2020-01-02 10:23:33', 'AVR', 1, 2, '', 1, 0, 0, NULL, 0, NULL),
(316, 149, 1, 11, '2020-01-02 10:39:13', 'Graphics Card', 1, 1, '', 1, 0, 0, NULL, 0, NULL),
(317, 149, 1, 11, '2020-01-07 15:34:50', 'CPU Intel Core i5-9400F 2.90GHz, 4GB RAM, 64-bit OS, x64-based processor', 1, 2, '', 1, 0, 0, NULL, 0, NULL),
(318, 32, 1, 11, '2020-01-16 15:17:27', 'Laptop Battery', 1, 2, 'Engineering Dept.', 1, 0, 0, NULL, 0, NULL),
(319, 151, 1, 11, '2020-01-16 16:18:22', 'Wired Mouse', 1, 1, 'Accounting', 1, 0, 0, NULL, 0, NULL),
(320, 151, 1, 11, '2020-01-16 16:22:25', 'Monitor 19 inches', 1, 1, 'Accounting', 1, 0, 0, NULL, 0, NULL),
(321, 151, 1, 11, '2020-01-16 16:25:57', 'CPU Intel(R) Core(TM) i5-9400F @ 290GHz, 4.00GB(RAM), 64-bit OS, x64-based processor', 1, 2, 'Accounting', 1, 0, 0, NULL, 0, NULL),
(322, 151, 1, 11, '2020-01-16 16:30:12', 'AVR', 1, 2, 'Accounting', 1, 0, 0, NULL, 0, NULL),
(323, 151, 1, 11, '2020-01-16 16:31:52', 'Wired Keyboard', 1, 1, 'Accounting', 1, 0, 0, NULL, 0, NULL),
(324, 151, 1, 11, '2020-01-16 16:33:05', 'UPS', 1, 2, 'Accounting', 1, 0, 0, NULL, 0, NULL),
(325, 31, 1, 2, '2020-01-31 14:37:47', 'Test DAT', 1, 1, 'IT Department', 1, 0, 0, NULL, 0, NULL),
(326, 2, 1, 5, '2020-02-21 10:52:59', 'asdasd', 1, 1, 'Trading', 1, 0, 0, NULL, 0, NULL),
(327, 14, 1, 2, '2020-02-21 10:55:00', 'ree', 1, 1, 'IT Department', 1, 0, 0, NULL, 0, NULL),
(328, 14, 1, 2, '2020-02-21 10:58:28', 'asdff ', 1, 1, 'IT Department', 1, 1, 1, 'AMBOT AH', 1, '2020-02-21'),
(329, 12, 1, 1, '2020-02-21 11:21:21', 'asdas', 1, 1, 'Accounting / Finance', 1, 1, 0, NULL, 0, NULL),
(330, 14, 1, 2, '2020-02-21 15:49:01', 'asdasd', 12, 1, 'IT Department', 1, 0, 0, NULL, 0, NULL),
(331, 14, 1, 3, '2020-02-21 15:49:47', 'ERT asds', 1, 1, 'IT Department', 1, 1, 0, NULL, 0, NULL),
(332, 1, 1, 1, '2020-02-21 15:53:55', 'artr', 1, 1, 'Management', 1, 1, 0, NULL, 0, NULL),
(333, 3, 1, 3, '2020-02-26 11:27:31', 'asdasd', 3, 1, 'IT Department', 1, 0, 0, NULL, 0, NULL);

-- --------------------------------------------------------

--
-- Table structure for table `et_info`
--

CREATE TABLE IF NOT EXISTS `et_info` (
`et_id` int(11) NOT NULL,
  `accountability_id` int(11) NOT NULL,
  `category_id` int(11) NOT NULL,
  `subcat_id` int(11) NOT NULL,
  `model` varchar(100) DEFAULT NULL,
  `brand` varchar(100) DEFAULT NULL,
  `type` varchar(100) DEFAULT NULL,
  `serial_no` varchar(100) DEFAULT NULL,
  `acquisition_date` varchar(100) DEFAULT NULL,
  `create_date` varchar(100) DEFAULT NULL,
  `date_issued` varchar(100) DEFAULT NULL,
  `et_desc` varchar(255) DEFAULT NULL,
  `qty` decimal(10,2) NOT NULL DEFAULT '0.00',
  `unit_id` int(11) NOT NULL,
  `unit_price` decimal(10,2) NOT NULL DEFAULT '0.00',
  `location_id` int(11) NOT NULL,
  `department_id` int(11) NOT NULL,
  `remarks` text,
  `damaged` int(11) DEFAULT '0',
  `damaged_remarks` text,
  `damaged_of_unit` text,
  `aaf_no` varchar(100) DEFAULT NULL,
  `asset_control_no` varchar(100) DEFAULT NULL,
  `user_id` int(11) NOT NULL
) ENGINE=InnoDB DEFAULT CHARSET=latin1;

-- --------------------------------------------------------

--
-- Table structure for table `et_set`
--

CREATE TABLE IF NOT EXISTS `et_set` (
`set_id` int(11) NOT NULL,
  `set_name` varchar(50) DEFAULT NULL,
  `set_price` decimal(10,2) NOT NULL DEFAULT '0.00',
  `set_serial_no` varchar(100) DEFAULT NULL
) ENGINE=InnoDB AUTO_INCREMENT=12 DEFAULT CHARSET=latin1;

--
-- Dumping data for table `et_set`
--

INSERT INTO `et_set` (`set_id`, `set_name`, `set_price`, `set_serial_no`) VALUES
(1, 'Laptop', '24999.00', NULL),
(2, 'Desktop Computer', '0.00', NULL),
(3, 'TEST SET', '1000.00', '1234'),
(4, 'TESTING ONLY SET', '1500.00', '0918882'),
(5, 'TEST SET', '10000.00', '123'),
(6, 'second test', '1254.00', '10000'),
(7, 'Keyboard and mouse set', '1000.00', '156456'),
(8, 'asd', '213.00', '123123'),
(9, 'Setter', '80.00', '12'),
(10, 'Setter', '12.00', 'adasd22q'),
(11, 'Setter et', '80.00', '2323444');

-- --------------------------------------------------------

--
-- Table structure for table `location`
--

CREATE TABLE IF NOT EXISTS `location` (
`location_id` int(11) NOT NULL,
  `location_name` varchar(100) DEFAULT NULL,
  `location_prefix` varchar(100) DEFAULT NULL
) ENGINE=InnoDB AUTO_INCREMENT=3 DEFAULT CHARSET=latin1;

--
-- Dumping data for table `location`
--

INSERT INTO `location` (`location_id`, `location_name`, `location_prefix`) VALUES
(1, 'Bacolod', 'CENPRI-B'),
(2, 'Bago', 'CENPRI-S');

-- --------------------------------------------------------

--
-- Table structure for table `lost_items`
--

CREATE TABLE IF NOT EXISTS `lost_items` (
`lost_id` int(11) NOT NULL,
  `ed_id` int(11) NOT NULL DEFAULT '0',
  `lost_date` varchar(20) DEFAULT NULL,
  `employee_id` int(11) NOT NULL DEFAULT '0',
  `remarks` text,
  `replacement` int(11) NOT NULL DEFAULT '0'
) ENGINE=InnoDB AUTO_INCREMENT=2 DEFAULT CHARSET=latin1;

--
-- Dumping data for table `lost_items`
--

INSERT INTO `lost_items` (`lost_id`, `ed_id`, `lost_date`, `employee_id`, `remarks`, `replacement`) VALUES
(1, 117, '2020-02-07', 133, 'TESTING', 0);

-- --------------------------------------------------------

--
-- Table structure for table `physical_condition`
--

CREATE TABLE IF NOT EXISTS `physical_condition` (
`physical_id` int(11) NOT NULL,
  `condition_name` varchar(50) DEFAULT NULL
) ENGINE=InnoDB DEFAULT CHARSET=latin1;

-- --------------------------------------------------------

--
-- Table structure for table `placement`
--

CREATE TABLE IF NOT EXISTS `placement` (
`placement_id` int(11) NOT NULL,
  `placement_name` varchar(50) DEFAULT NULL
) ENGINE=InnoDB DEFAULT CHARSET=latin1;

-- --------------------------------------------------------

--
-- Table structure for table `rack`
--

CREATE TABLE IF NOT EXISTS `rack` (
`rack_id` int(11) NOT NULL,
  `rack_name` varchar(50) DEFAULT NULL
) ENGINE=InnoDB DEFAULT CHARSET=latin1;

-- --------------------------------------------------------

--
-- Table structure for table `repair_details`
--

CREATE TABLE IF NOT EXISTS `repair_details` (
`repair_id` int(11) NOT NULL,
  `ed_id` int(11) NOT NULL DEFAULT '0',
  `repair_date` varchar(20) DEFAULT NULL,
  `repair_price` decimal(10,2) NOT NULL DEFAULT '0.00',
  `jo_no` varchar(50) DEFAULT NULL,
  `supplier` varchar(100) DEFAULT NULL,
  `assessment` int(11) NOT NULL DEFAULT '0',
  `received_by` int(11) NOT NULL DEFAULT '0',
  `remarks` text,
  `create_date` varchar(20) DEFAULT NULL,
  `user_id` int(11) NOT NULL DEFAULT '0',
  `saved` int(11) NOT NULL DEFAULT '0',
  `unsaved` int(11) NOT NULL DEFAULT '0'
) ENGINE=InnoDB AUTO_INCREMENT=26 DEFAULT CHARSET=latin1;

--
-- Dumping data for table `repair_details`
--

INSERT INTO `repair_details` (`repair_id`, `ed_id`, `repair_date`, `repair_price`, `jo_no`, `supplier`, `assessment`, `received_by`, `remarks`, `create_date`, `user_id`, `saved`, `unsaved`) VALUES
(1, 172, '2019-05-10', '0.00', '', '', 1, 36, 'Damaged mouse pad. Unable mouse pad so that the screen will not shutdown.', '2019-05-10 09:25:19', 1, 1, 0),
(2, 267, '2019-05-31', '0.00', '', '', 1, 121, 'Fixed by Sir Rey Argawanon\r\nReplaced capacitor ', '2019-06-07 14:18:11', 1, 1, 0),
(3, 6, '2019-10-09', '0.00', '', '', 1, 36, 'Changed Sealed Lead Acid Battery (12V4.5AH) - 19ER5193', '2019-11-28 15:29:40', 1, 1, 0),
(4, 238, '2019-12-18', '0.00', '', '', 1, 31, 'Replaced the damaged plug.', '2019-12-18 14:19:49', 1, 1, 0),
(5, 318, '2020-01-23', '0.00', '', 'Teranova Computer Sales & Services', 1, 36, 'The equipment is working no issues found.', '2020-01-23 10:16:02', 1, 1, 0),
(6, 229, '2020-01-29', '0.00', '', '', 1, 14, 'Replaced damage fuse.', '2020-01-30 10:03:50', 1, 1, 0),
(7, 13, NULL, '0.00', NULL, NULL, 0, 0, NULL, NULL, 0, 0, 0),
(8, 113, NULL, '0.00', NULL, NULL, 0, 0, NULL, NULL, 0, 0, 0),
(9, 13, NULL, '0.00', NULL, NULL, 0, 0, NULL, NULL, 0, 0, 0),
(10, 95, NULL, '0.00', NULL, NULL, 0, 0, NULL, NULL, 0, 0, 0),
(11, 201, NULL, '0.00', NULL, NULL, 0, 0, NULL, NULL, 0, 0, 0),
(12, 13, NULL, '0.00', NULL, NULL, 0, 0, NULL, NULL, 0, 0, 0),
(13, 95, NULL, '0.00', NULL, NULL, 0, 0, NULL, NULL, 0, 0, 0),
(14, 13, NULL, '0.00', NULL, NULL, 0, 0, NULL, NULL, 0, 0, 0),
(15, 12, NULL, '0.00', NULL, NULL, 0, 0, NULL, NULL, 0, 0, 0),
(16, 295, NULL, '0.00', NULL, NULL, 0, 0, NULL, NULL, 0, 0, 0),
(17, 295, NULL, '0.00', NULL, NULL, 0, 0, NULL, NULL, 0, 0, 0),
(18, 295, NULL, '0.00', NULL, NULL, 0, 0, NULL, NULL, 0, 0, 0),
(19, 292, NULL, '0.00', NULL, NULL, 0, 0, NULL, NULL, 0, 0, 0),
(20, 233, NULL, '0.00', NULL, NULL, 0, 0, NULL, NULL, 0, 0, 0),
(21, 180, NULL, '0.00', NULL, NULL, 0, 0, NULL, NULL, 0, 0, 0),
(22, 201, NULL, '0.00', NULL, NULL, 0, 0, NULL, NULL, 0, 0, 0),
(23, 231, NULL, '0.00', NULL, NULL, 0, 0, NULL, NULL, 0, 0, 0),
(24, 295, NULL, '0.00', NULL, NULL, 0, 0, NULL, NULL, 0, 0, 0),
(25, 180, NULL, '0.00', NULL, NULL, 0, 0, NULL, NULL, 0, 0, 1);

-- --------------------------------------------------------

--
-- Table structure for table `returned_et`
--

CREATE TABLE IF NOT EXISTS `returned_et` (
`return_id` int(11) NOT NULL,
  `et_id` int(11) NOT NULL DEFAULT '0',
  `accountability_id` int(11) NOT NULL DEFAULT '0',
  `receive_by` int(11) NOT NULL DEFAULT '0',
  `quantity` decimal(10,2) NOT NULL DEFAULT '0.00',
  `ars_no` varchar(255) DEFAULT NULL,
  `return_date` varchar(20) DEFAULT NULL,
  `date_issued` varchar(20) DEFAULT NULL,
  `create_date` varchar(100) DEFAULT NULL,
  `return_remarks` text
) ENGINE=InnoDB DEFAULT CHARSET=latin1;

-- --------------------------------------------------------

--
-- Table structure for table `returned_series`
--

CREATE TABLE IF NOT EXISTS `returned_series` (
`series_id` int(11) NOT NULL,
  `prefix` varchar(100) DEFAULT NULL,
  `series` int(11) NOT NULL DEFAULT '0'
) ENGINE=InnoDB AUTO_INCREMENT=54 DEFAULT CHARSET=latin1;

--
-- Dumping data for table `returned_series`
--

INSERT INTO `returned_series` (`series_id`, `prefix`, `series`) VALUES
(1, 'BCD-2019-04', 1001),
(2, 'BCD-2019-03', 1001),
(4, '-2019-05', 1001),
(5, 'BCD-2019-06', 1001),
(6, 'BCD-2019-06', 1002),
(7, 'BCD-2019-07', 1001),
(8, 'BCD-2019-07', 1003),
(9, 'BCD-2019-07', 1004),
(10, '-2019-01', 1001),
(11, 'BCD-2019-01', 1005),
(12, 'BCD-2019-03', 1006),
(13, 'BCD-2019-08', 1001),
(14, 'BCD-2019-07', 1007),
(15, 'BCD-2019-08', 1008),
(16, 'BCD-2019-08', 1009),
(17, 'BCD-2019-08', 1010),
(18, 'BCD-2019-08', 1011),
(19, 'BCD-2019-08', 1012),
(20, 'BCD-2019-08', 1013),
(21, '-2019-08', 1014),
(22, 'BCD-2019-08', 1015),
(23, 'BCD-2019-08', 1016),
(24, 'BCD-2019-08', 1017),
(25, 'BCD-2019-09', 1001),
(26, 'BCD-2019-09', 1018),
(27, 'BCD-2019-09', 1019),
(28, 'BCD-2019-10', 1001),
(29, 'BCD-2019-09', 1020),
(30, 'BCD-2019-10', 1021),
(31, 'CENPRI-B-2019', 11),
(32, 'CENPRI-B-1970', 1),
(33, 'CENPRI-B-2019', 11),
(34, 'CENPRI-B-2019', 10),
(35, 'CENPRI-B-2019', 10),
(36, 'CENPRI-S-2019', 11),
(37, 'CENPRI-S-2019', 11),
(38, 'CENPRI-B-2019', 12),
(39, 'CENPRI-B-2019', 12),
(40, 'CENPRI-B-2020', 1),
(42, 'CENPRI-B-2020-01', 1022),
(43, 'CENPRI-B-2020-01', 1023),
(44, 'CENPRI-B-2020-01', 1024),
(45, 'CENPRI-B-2020-01', 1025),
(46, 'NA-2020-01', 1026),
(47, 'CENPRI-B-2020-02', 1001),
(48, 'CENPRI-B-2020-01', 1027),
(49, 'CENPRI-B-2020-02', 1002),
(50, 'CENPRI-B-2020-02', 1028),
(51, 'CENPRI-B-2020-02', 1029),
(52, 'CENPRI-B-2020-02', 1030),
(53, 'CENPRI-B-2020-02', 1031);

-- --------------------------------------------------------

--
-- Table structure for table `return_details`
--

CREATE TABLE IF NOT EXISTS `return_details` (
`rd_id` int(11) NOT NULL,
  `return_id` int(11) NOT NULL DEFAULT '0',
  `et_id` int(11) NOT NULL DEFAULT '0',
  `ed_id` int(11) NOT NULL DEFAULT '0',
  `date_issued` varchar(20) DEFAULT NULL,
  `return_remarks` text
) ENGINE=InnoDB AUTO_INCREMENT=93 DEFAULT CHARSET=latin1;

--
-- Dumping data for table `return_details`
--

INSERT INTO `return_details` (`rd_id`, `return_id`, `et_id`, `ed_id`, `date_issued`, `return_remarks`) VALUES
(1, 1, 13, 13, '', NULL),
(2, 2, 193, 190, '', NULL),
(3, 2, 194, 191, '', NULL),
(4, 2, 195, 192, '', NULL),
(5, 2, 196, 193, '', NULL),
(6, 2, 197, 194, '', NULL),
(7, 2, 198, 195, '', NULL),
(8, 2, 199, 196, '', NULL),
(9, 2, 200, 197, '', NULL),
(11, 3, 265, 267, '', NULL),
(12, 4, 266, 268, '', NULL),
(13, 5, 144, 143, '', NULL),
(14, 6, 66, 66, '', NULL),
(15, 6, 67, 67, '', NULL),
(16, 6, 68, 69, '', NULL),
(17, 6, 71, 72, '', NULL),
(18, 6, 75, 75, '', NULL),
(19, 7, 234, 231, '', NULL),
(20, 7, 235, 232, '', NULL),
(21, 8, 279, 280, '', NULL),
(22, 8, 280, 281, '', NULL),
(23, 9, 280, 281, '', NULL),
(24, 10, 282, 283, '', NULL),
(25, 11, 281, 282, '', NULL),
(26, 12, 95, 95, '', NULL),
(27, 13, 6, 6, '', NULL),
(28, 14, 139, 138, '', NULL),
(29, 15, 92, 92, '', NULL),
(30, 16, 10, 12, '2019-04-17', NULL),
(31, 17, 292, 293, '', NULL),
(32, 18, 291, 292, '', NULL),
(33, 19, 183, 180, '', NULL),
(34, 20, 290, 291, '', NULL),
(35, 21, 201, 198, '', NULL),
(36, 21, 202, 199, '', NULL),
(37, 21, 203, 200, '', NULL),
(38, 21, 204, 201, '', NULL),
(39, 21, 205, 202, '', NULL),
(40, 23, 108, 108, '', NULL),
(41, 23, 109, 109, '', NULL),
(42, 23, 193, 190, '', NULL),
(43, 23, 196, 193, '', NULL),
(44, 23, 198, 195, '', NULL),
(45, 24, 92, 92, '', NULL),
(46, 25, 260, 262, '', NULL),
(47, 26, 262, 264, '2019-08-27', NULL),
(48, 27, 204, 201, '', NULL),
(49, 28, 29, 29, '', NULL),
(50, 28, 33, 32, '', NULL),
(51, 28, 34, 33, '', NULL),
(52, 29, 63, 63, '2019-05-07', NULL),
(53, 30, 298, 300, '', NULL),
(54, 31, 29, 29, '2019-09-11', NULL),
(55, 31, 33, 32, '2019-09-11', NULL),
(56, 31, 34, 33, '2019-09-11', NULL),
(57, 31, 63, 63, '2019-09-11', NULL),
(58, 31, 139, 138, '2019-09-11', NULL),
(59, 31, 144, 143, '2019-09-11', NULL),
(60, 31, 168, 167, '2019-09-11', NULL),
(61, 32, 236, 233, '', NULL),
(62, 33, 76, 76, '', NULL),
(63, 33, 78, 78, '', NULL),
(64, 33, 86, 86, '', NULL),
(65, 33, 87, 87, '', NULL),
(66, 33, 88, 88, '', NULL),
(67, 33, 89, 89, '', NULL),
(68, 34, 195, 192, '2019-09-02', NULL),
(69, 34, 234, 231, '2019-09-02', NULL),
(70, 34, 235, 232, '2019-09-02', NULL),
(71, 35, 195, 192, '2019-10-18', NULL),
(72, 35, 235, 232, '2019-10-18', NULL),
(73, 36, 234, 231, '', NULL),
(74, 37, 241, 238, '', NULL),
(75, 38, 238, 235, '', NULL),
(76, 39, 63, 63, '2019-10-21', NULL),
(77, 40, 315, 318, '', NULL),
(80, 41, 232, 229, '', NULL),
(81, 42, 112, 111, '2019-03-04', NULL),
(82, 43, 113, 113, '', NULL),
(83, 44, 114, 114, '', NULL),
(84, 45, 10, 12, '', NULL),
(85, 46, 293, 295, '', NULL),
(86, 47, 293, 295, '', NULL),
(87, 48, 116, 115, '', NULL),
(88, 50, 310, 313, '2019-12-19', NULL),
(89, 50, 311, 314, '', NULL),
(90, 50, 314, 317, '', NULL),
(91, 51, 315, 318, '2020-01-23', NULL),
(92, 52, 312, 315, '', NULL);

-- --------------------------------------------------------

--
-- Table structure for table `return_head`
--

CREATE TABLE IF NOT EXISTS `return_head` (
`return_id` int(11) NOT NULL,
  `ars_no` varchar(255) DEFAULT NULL,
  `atf_no` varchar(255) DEFAULT NULL,
  `return_date` varchar(20) DEFAULT NULL,
  `accountability_id` int(11) NOT NULL DEFAULT '0',
  `received_by` int(11) NOT NULL DEFAULT '0',
  `return_remarks` text,
  `create_date` varchar(20) DEFAULT NULL
) ENGINE=InnoDB AUTO_INCREMENT=53 DEFAULT CHARSET=latin1;

--
-- Dumping data for table `return_head`
--

INSERT INTO `return_head` (`return_id`, `ars_no`, `atf_no`, `return_date`, `accountability_id`, `received_by`, `return_remarks`, `create_date`) VALUES
(1, 'BCD-2019-04-1001', 'BCD-2019-1001', '2019-04-27', 15, 14, 'Mouse pointer is stuck', '2019-04-27 11:49:03'),
(2, 'BCD-2019-03-1001', 'BCD-2019-1002', '2019-03-04', 133, 36, '', '2019-04-30 15:37:20'),
(3, '-2019-05-1001', '-2019-1004', '2019-05-25', 0, 3, 'short circuit', '2019-05-27 11:53:37'),
(4, 'BCD-2019-06-1001', 'BCD-2019-1005', '2019-06-07', 121, 36, '', '2019-06-07 14:53:57'),
(5, 'BCD-2019-06-1002', 'BCD-2019-1006', '2019-06-12', 130, 36, '', '2019-07-01 14:33:48'),
(6, 'BCD-2019-07-1001', 'BCD-2019-1007', '2019-07-04', 25, 36, '', '2019-07-04 15:04:37'),
(7, 'BCD-2019-07-1003', 'BCD-2019-1008', '2019-07-15', 9, 36, '', '2019-07-15 15:38:33'),
(8, 'BCD-2019-07-1004', 'BCD-2019-1009', '2019-07-19', 138, 121, 'Charger is damaged because of power surge.', '2019-07-19 14:40:10'),
(9, '-2019-01-1001', '-2019-1010', '2019-01-07', 0, 21, 'Charger is defective.', '2019-07-19 15:49:38'),
(10, 'BCD-2019-01-1005', 'BCD-2019-1011', '2019-01-07', 22, 21, 'C/o to sir Lloyd Jamero', '2019-07-19 16:27:15'),
(11, 'BCD-2019-03-1006', 'BCD-2019-1012', '2019-03-04', 22, 14, 'defective battery', '2019-07-19 16:29:04'),
(12, 'BCD-2019-08-1001', 'BCD-2019-1013', '2019-08-05', 1, 54, 'Charger''s adapter is not receiving any power.', '2019-08-06 09:52:38'),
(13, 'BCD-2019-07-1007', 'BCD-2019-1014', '2019-07-29', 17, 14, 'UPS didn''t store power anymore.', '2019-08-06 10:06:02'),
(14, 'BCD-2019-08-1008', 'BCD-2019-1015', '2019-08-01', 130, 14, 'Keyboard not functioning', '2019-08-06 15:57:26'),
(15, 'BCD-2019-08-1009', 'BCD-2019-1016', '2019-08-08', 22, 36, '', '2019-08-08 10:43:00'),
(16, 'BCD-2019-08-1010', 'BCD-2019-1017', '2019-08-08', 36, 14, '', '2019-08-08 14:17:23'),
(17, 'BCD-2019-08-1011', 'BCD-2019-1018', '2019-08-09', 132, 36, 'Unstable image output from the monitor.', '2019-08-09 15:47:58'),
(18, 'BCD-2019-08-1012', 'BCD-2019-1019', '2019-08-08', 31, 36, 'Explosion of power cord and burned.', '2019-08-09 15:52:57'),
(19, 'BCD-2019-08-1013', 'BCD-2019-1020', '2019-08-08', 132, 3, 'The AVR burned.', '2019-08-09 15:57:57'),
(20, '-2019-08-1014', '-2019-1021', '2019-08-09', 0, 21, 'The Switching Adapter was burned.', '2019-08-09 16:01:44'),
(21, 'BCD-2019-08-1015', 'BCD-2019-1022', '2019-08-13', 134, 36, '', '2019-08-13 10:05:36'),
(22, 'BCD-2019-08-1016', 'BCD-2019-1023', '2019-08-13', 139, 36, 'no need', '2019-08-13 11:13:44'),
(23, 'BCD-2019-08-1017', 'BCD-2019-1024', '2019-08-28', 127, 36, '', '2019-08-29 08:56:06'),
(24, 'BCD-2019-09-1001', 'BCD-2019-1025', '2019-09-02', 127, 36, '', '2019-09-02 09:18:24'),
(25, 'BCD-2019-09-1018', 'BCD-2019-1026', '2019-09-02', 34, 36, '', '2019-09-02 09:50:17'),
(26, 'BCD-2019-09-1019', 'BCD-2019-1027', '2019-09-26', 140, 14, '', '2019-09-26 14:17:59'),
(27, 'BCD-2019-10-1001', 'BCD-2019-1028', '2019-10-08', 139, 21, 'The UPS is not charging.', '2019-10-09 09:24:57'),
(28, 'BCD-2019-09-1020', 'BCD-2019-1029', '2019-09-10', 28, 36, 'Temporary use for Ms. Alma - CEMPCO', '2019-11-13 13:35:34'),
(29, 'BCD-2019-10-1021', 'BCD-2019-1030', '2019-10-09', 115, 36, 'Temporary use for Ms. Alma - CEMPCO', '2019-11-13 13:36:49'),
(30, 'CENPRI-B-2019-11-1001', 'CENPRI-B-2019-1031', '2019-11-27', 130, 14, 'Cracked and Worn-out, Parts near both ends are exposing the wires inside', '2019-11-27 13:36:41'),
(31, 'CENPRI-B-1970-01-1001', 'CENPRI-B-2019-2020', '2019-10-21', 149, 14, '', '2019-11-28 16:05:07'),
(32, 'CENPRI-B-2019-11-1022', 'CENPRI-B-2019-2020', '2019-11-29', 135, 21, 'Worn out feed rollers.', '2019-12-05 09:23:58'),
(33, 'CENPRI-B-2019-10-1022', 'CENPRI-B-2019-2020', '2019-10-15', 29, 31, '', '2019-12-05 10:45:47'),
(34, 'CENPRI-B-2019-10-1022', 'CENPRI-B-2019-2020', '2019-10-18', 141, 21, '', '2019-12-05 10:50:20'),
(35, 'CENPRI-S-2019-11-1022', 'CENPRI-S-2019-2020', '2019-11-29', 21, 36, '', '2019-12-05 10:59:41'),
(36, 'CENPRI-S-2019-11-1022', 'CENPRI-S-2019-2020', '2019-11-29', 21, 53, 'Unable to determine the exact damage of the unit.', '2019-12-05 11:04:59'),
(37, 'CENPRI-B-2019-12-1001', 'CENPRI-B-2019-2020', '2019-12-17', 19, 31, 'The device can''t give power to desktop due to the open wire', '2019-12-18 14:17:55'),
(38, 'CENPRI-B-2019-12-1022', 'CENPRI-B-2020-1001', '2019-12-06', 19, 31, 'The keyboard''s Spacebar and Enter key is broken.', '2020-01-02 09:43:58'),
(39, 'CENPRI-B-2020-01-1001', 'CENPRI-B-2020-1001', '2020-01-16', 115, 36, 'Return because she is using an Ubuntu OS and she can''t use it. ', '2020-01-16 11:52:45'),
(40, 'CENPRI-B-2020-01-1022', 'CENPRI-B-2020-2021', '2020-01-13', 149, 31, 'Burned AVR.', '2020-01-23 09:56:42'),
(41, 'CENPRI-B-2020-01-1022', 'CENPRI-B-2020-1001', '2020-01-22', 4, 31, 'Not working and no power.', '2020-01-30 09:59:03'),
(42, 'CENPRI-B-2020-01-1023', 'CENPRI-B-2020-1002', '2020-01-31', 133, 31, '', '2020-01-31 13:30:37'),
(43, 'CENPRI-B-2020-01-1024', 'CENPRI-B-2020-1003', '2020-01-31', 133, 31, 'sad sdaf ', '2020-01-31 13:44:34'),
(44, 'CENPRI-B-2020-01-1025', 'CENPRI-B-2020-1004', '2020-01-31', 133, 31, 'dfg', '2020-01-31 13:48:47'),
(45, 'NA-2020-01-1026', 'NA-2020-1005', '2020-01-31', 0, 31, 'dsaf', '2020-01-31 13:49:30'),
(46, 'CENPRI-B-2020-02-1001', 'CENPRI-B-2020-1005', '2020-02-01', 2, 53, 'sadf', '2020-01-31 14:20:07'),
(47, 'CENPRI-B-2020-01-1027', 'CENPRI-B-2020-1006', '2020-01-31', 2, 53, 'sdaf', '2020-01-31 14:20:42'),
(48, 'CENPRI-B-2020-02-1002', 'CENPRI-B-2020-1007', '2020-02-07', 133, 31, 'sfad', '2020-02-07 11:34:34'),
(49, 'CENPRI-B-2020-02-1028', 'CENPRI-B-2020-1008', '2020-02-12', 149, 14, 'asdasdasd', '2020-02-21 09:21:56'),
(50, 'CENPRI-B-2020-02-1029', 'CENPRI-B-2020-1009', '2020-02-21', 149, 14, 'asd aasdasd ', '2020-02-21 09:22:25'),
(51, 'CENPRI-B-2020-02-1030', 'CENPRI-B-2020-1010', '2020-02-20', 149, 14, 'asdasd', '2020-02-21 09:22:59'),
(52, 'CENPRI-B-2020-02-1031', 'CENPRI-B-2020-1011', '2020-02-20', 149, 1, 'df', '2020-02-21 15:39:17');

-- --------------------------------------------------------

--
-- Table structure for table `subcategory`
--

CREATE TABLE IF NOT EXISTS `subcategory` (
`subcat_id` int(11) NOT NULL,
  `category_id` int(11) NOT NULL DEFAULT '0',
  `subcat_name` varchar(100) DEFAULT NULL,
  `subcat_prefix` varchar(100) DEFAULT NULL,
  `location` varchar(11) DEFAULT NULL,
  `subcat_desc` text
) ENGINE=InnoDB AUTO_INCREMENT=13 DEFAULT CHARSET=latin1;

--
-- Dumping data for table `subcategory`
--

INSERT INTO `subcategory` (`subcat_id`, `category_id`, `subcat_name`, `subcat_prefix`, `location`, `subcat_desc`) VALUES
(1, 1, 'Transportation Equipment', 'FFE-TRA', 'BCD', 'Vehicles (Innova, Crosswind, Pickup, Fortuner, etc), Forklift, Boomtruck.'),
(2, 1, 'Communication Equipment', 'FFE-COM', 'BCD', 'Radio Handset, Radio Power Supply, Radio Repeater, Radio Antenna, Microphone with Cord for ICOM Motorola Radius'),
(3, 1, 'Office Furnitures', 'FFE-FUR', 'BCD', 'Office Chair, Office Table, Book Shelves, Filing Cabinets, Computer Table, Conference Table and Chairs, Table Top Glass, Cubicle, Office Partitions, Office Drawers'),
(4, 1, 'Office Equipment', 'FFE-EQU', 'BCD', 'Cellphones, Telephones, Printers, Scanners, Fax Machine, Overhead Projector,  Projector Screen, Photocopier, Hard Disk, USB, External Hard Drive, Recorder, Safety Vault, Standby Generator, Digital and Video Camera, Audio System for the Board Room, Microphone w/ Speaker,  Telephone System (PABX), Air Conditioning Unit, CCTV Camera, IP/Surveillance Camera, Industrial Fan, Air Cooler, Ceiling Fan, Electric Fan, Exhaust Fan, Television'),
(5, 1, 'Personal Protective Equipment', 'FFE-PPE', 'BCD', 'Hard Hat, Electrical Gloves, Goggles, Harness, Safety Shoes, Boots, Chemical Mask, Welding Mask'),
(6, 1, 'Safety & Security Equipment', 'FFE-SSE', 'BCD', 'Data Cabinet, Fire Extinguisher, Eye Wash and Face Shower, Emergency Light, Flash Light, Alarms, Caution Board, Warning Triangle or Cone, Biometric, Automatic Lock Door (Door Access),  Fire Hose,  Illuminated Fire Exit Sign'),
(7, 1, 'Appliance', 'FFE-APP', 'BCD', 'Gas Stove, Refrigirator,  CD/DVD Player, Blender & Juicers, Coffee Maker,  Rice Cooker, Toaster, Electric Airpot, Electric Kettle, Electric Stove, Electric/Gas Oven, Food Warmer/Steamer, Gas Stove, Microwave Oven, Water Dispenser, Dryer, Flat Iron, Hair Dryer, Steam Iron, Vacuum Cleaner, Washing Machine,'),
(8, 1, 'Staffhouse Furnitures and Supplies', 'FFE-STA', 'BCD', 'Dining Table and Chairs, Sofa, Beds, Clothes Cabinet, Mattress, Pillows, Pillow Case, Bed Sheets, Blanket'),
(9, 1, 'Housewares', 'FFE-HOU', 'BCD', 'Bowl, Cups and Saucers, Drinking Glass, Mug, Pitcher, Plate, Spoon and Fork, Food Keeper, Dipper, Pail, Trash Bin'),
(10, 1, 'Medical Equipment', 'FFE-MED', 'BCD', 'Glucometer, ( Glucose Meter, One Touch Ultra 2 ), Digital Blood Pressure Apparatus, Aneroid Blood Pressure Apparatus, Stechoscope, Weighing Scale, First Aid Equipment, Oxygen for First Aid'),
(11, 1, 'Computer Equipment', 'FFE- COMP', 'BCD', 'Routers, PCs, Laptops, UPS, Wifi Adapter'),
(12, 1, 'Office Supplies', 'FFE- SUP', 'BCD', 'Staplers, Calculators, Punchers, Scissor, Tape Dispenser, Filing Tray, Document Keeper, Clip Board, Binders, Books,');

-- --------------------------------------------------------

--
-- Table structure for table `transfer_details`
--

CREATE TABLE IF NOT EXISTS `transfer_details` (
`td_id` int(11) NOT NULL,
  `transfer_id` int(11) NOT NULL DEFAULT '0',
  `et_id` int(11) NOT NULL DEFAULT '0',
  `ed_id` int(11) NOT NULL DEFAULT '0',
  `date_issued` varchar(20) DEFAULT NULL
) ENGINE=InnoDB DEFAULT CHARSET=latin1;

-- --------------------------------------------------------

--
-- Table structure for table `transfer_head`
--

CREATE TABLE IF NOT EXISTS `transfer_head` (
`transfer_id` int(11) NOT NULL,
  `accountability_id` int(11) NOT NULL DEFAULT '0',
  `transfer_to` int(11) NOT NULL DEFAULT '0',
  `transfer_date` varchar(20) DEFAULT NULL,
  `create_date` varchar(100) DEFAULT NULL,
  `transfer_remarks` text
) ENGINE=InnoDB DEFAULT CHARSET=latin1;

-- --------------------------------------------------------

--
-- Table structure for table `unit`
--

CREATE TABLE IF NOT EXISTS `unit` (
`unit_id` int(11) NOT NULL,
  `unit_name` varchar(100) DEFAULT NULL
) ENGINE=InnoDB AUTO_INCREMENT=3 DEFAULT CHARSET=latin1;

--
-- Dumping data for table `unit`
--

INSERT INTO `unit` (`unit_id`, `unit_name`) VALUES
(1, 'pc/s'),
(2, 'unit/s');

-- --------------------------------------------------------

--
-- Table structure for table `users`
--

CREATE TABLE IF NOT EXISTS `users` (
`user_id` int(11) NOT NULL,
  `fullname` varchar(100) DEFAULT NULL,
  `username` varchar(100) DEFAULT NULL,
  `password` varchar(100) DEFAULT NULL,
  `usertype` int(11) NOT NULL DEFAULT '0'
) ENGINE=InnoDB AUTO_INCREMENT=5 DEFAULT CHARSET=latin1;

--
-- Dumping data for table `users`
--

INSERT INTO `users` (`user_id`, `fullname`, `username`, `password`, `usertype`) VALUES
(1, 'admin', 'admin', 'admin', 1),
(2, 'Hennelen Tanan', 'hen', 'hen', 2),
(3, 'Jason Flor', 'flor', 'flor', 0),
(4, 'Stephine David Severino', 'tep', 'tep', 0);

--
-- Indexes for dumped tables
--

--
-- Indexes for table `acf_series`
--
ALTER TABLE `acf_series`
 ADD PRIMARY KEY (`acf_id`);

--
-- Indexes for table `asset_series`
--
ALTER TABLE `asset_series`
 ADD PRIMARY KEY (`asset_id`);

--
-- Indexes for table `atf_series`
--
ALTER TABLE `atf_series`
 ADD PRIMARY KEY (`atf_id`);

--
-- Indexes for table `borrow_details`
--
ALTER TABLE `borrow_details`
 ADD PRIMARY KEY (`bd_id`);

--
-- Indexes for table `borrow_head`
--
ALTER TABLE `borrow_head`
 ADD PRIMARY KEY (`bh_id`);

--
-- Indexes for table `borrow_series`
--
ALTER TABLE `borrow_series`
 ADD PRIMARY KEY (`bseries_id`);

--
-- Indexes for table `category`
--
ALTER TABLE `category`
 ADD PRIMARY KEY (`category_id`);

--
-- Indexes for table `company`
--
ALTER TABLE `company`
 ADD PRIMARY KEY (`company_id`);

--
-- Indexes for table `currency`
--
ALTER TABLE `currency`
 ADD PRIMARY KEY (`currency_id`);

--
-- Indexes for table `damage_info`
--
ALTER TABLE `damage_info`
 ADD PRIMARY KEY (`damage_id`);

--
-- Indexes for table `damage_series`
--
ALTER TABLE `damage_series`
 ADD PRIMARY KEY (`ds_id`);

--
-- Indexes for table `department`
--
ALTER TABLE `department`
 ADD PRIMARY KEY (`department_id`);

--
-- Indexes for table `employees`
--
ALTER TABLE `employees`
 ADD PRIMARY KEY (`employee_id`);

--
-- Indexes for table `employee_inclusion`
--
ALTER TABLE `employee_inclusion`
 ADD PRIMARY KEY (`ei_id`);

--
-- Indexes for table `employee_series`
--
ALTER TABLE `employee_series`
 ADD PRIMARY KEY (`empser_id`);

--
-- Indexes for table `et_details`
--
ALTER TABLE `et_details`
 ADD PRIMARY KEY (`ed_id`);

--
-- Indexes for table `et_head`
--
ALTER TABLE `et_head`
 ADD PRIMARY KEY (`et_id`);

--
-- Indexes for table `et_info`
--
ALTER TABLE `et_info`
 ADD PRIMARY KEY (`et_id`);

--
-- Indexes for table `et_set`
--
ALTER TABLE `et_set`
 ADD PRIMARY KEY (`set_id`);

--
-- Indexes for table `location`
--
ALTER TABLE `location`
 ADD PRIMARY KEY (`location_id`);

--
-- Indexes for table `lost_items`
--
ALTER TABLE `lost_items`
 ADD PRIMARY KEY (`lost_id`);

--
-- Indexes for table `physical_condition`
--
ALTER TABLE `physical_condition`
 ADD PRIMARY KEY (`physical_id`);

--
-- Indexes for table `placement`
--
ALTER TABLE `placement`
 ADD PRIMARY KEY (`placement_id`);

--
-- Indexes for table `rack`
--
ALTER TABLE `rack`
 ADD PRIMARY KEY (`rack_id`);

--
-- Indexes for table `repair_details`
--
ALTER TABLE `repair_details`
 ADD PRIMARY KEY (`repair_id`);

--
-- Indexes for table `returned_et`
--
ALTER TABLE `returned_et`
 ADD PRIMARY KEY (`return_id`);

--
-- Indexes for table `returned_series`
--
ALTER TABLE `returned_series`
 ADD PRIMARY KEY (`series_id`);

--
-- Indexes for table `return_details`
--
ALTER TABLE `return_details`
 ADD PRIMARY KEY (`rd_id`);

--
-- Indexes for table `return_head`
--
ALTER TABLE `return_head`
 ADD PRIMARY KEY (`return_id`);

--
-- Indexes for table `subcategory`
--
ALTER TABLE `subcategory`
 ADD PRIMARY KEY (`subcat_id`);

--
-- Indexes for table `transfer_details`
--
ALTER TABLE `transfer_details`
 ADD PRIMARY KEY (`td_id`);

--
-- Indexes for table `transfer_head`
--
ALTER TABLE `transfer_head`
 ADD PRIMARY KEY (`transfer_id`);

--
-- Indexes for table `unit`
--
ALTER TABLE `unit`
 ADD PRIMARY KEY (`unit_id`);

--
-- Indexes for table `users`
--
ALTER TABLE `users`
 ADD PRIMARY KEY (`user_id`);

--
-- AUTO_INCREMENT for dumped tables
--

--
-- AUTO_INCREMENT for table `acf_series`
--
ALTER TABLE `acf_series`
MODIFY `acf_id` int(11) NOT NULL AUTO_INCREMENT;
--
-- AUTO_INCREMENT for table `asset_series`
--
ALTER TABLE `asset_series`
MODIFY `asset_id` int(11) NOT NULL AUTO_INCREMENT,AUTO_INCREMENT=344;
--
-- AUTO_INCREMENT for table `atf_series`
--
ALTER TABLE `atf_series`
MODIFY `atf_id` int(11) NOT NULL AUTO_INCREMENT,AUTO_INCREMENT=55;
--
-- AUTO_INCREMENT for table `borrow_details`
--
ALTER TABLE `borrow_details`
MODIFY `bd_id` int(11) NOT NULL AUTO_INCREMENT,AUTO_INCREMENT=491;
--
-- AUTO_INCREMENT for table `borrow_head`
--
ALTER TABLE `borrow_head`
MODIFY `bh_id` int(11) NOT NULL AUTO_INCREMENT,AUTO_INCREMENT=216;
--
-- AUTO_INCREMENT for table `borrow_series`
--
ALTER TABLE `borrow_series`
MODIFY `bseries_id` int(11) NOT NULL AUTO_INCREMENT,AUTO_INCREMENT=219;
--
-- AUTO_INCREMENT for table `category`
--
ALTER TABLE `category`
MODIFY `category_id` int(11) NOT NULL AUTO_INCREMENT,AUTO_INCREMENT=2;
--
-- AUTO_INCREMENT for table `company`
--
ALTER TABLE `company`
MODIFY `company_id` int(11) NOT NULL AUTO_INCREMENT,AUTO_INCREMENT=3;
--
-- AUTO_INCREMENT for table `currency`
--
ALTER TABLE `currency`
MODIFY `currency_id` int(11) NOT NULL AUTO_INCREMENT,AUTO_INCREMENT=3;
--
-- AUTO_INCREMENT for table `damage_info`
--
ALTER TABLE `damage_info`
MODIFY `damage_id` int(11) NOT NULL AUTO_INCREMENT,AUTO_INCREMENT=29;
--
-- AUTO_INCREMENT for table `damage_series`
--
ALTER TABLE `damage_series`
MODIFY `ds_id` int(11) NOT NULL AUTO_INCREMENT,AUTO_INCREMENT=29;
--
-- AUTO_INCREMENT for table `department`
--
ALTER TABLE `department`
MODIFY `department_id` int(11) NOT NULL AUTO_INCREMENT;
--
-- AUTO_INCREMENT for table `employees`
--
ALTER TABLE `employees`
MODIFY `employee_id` int(11) NOT NULL AUTO_INCREMENT,AUTO_INCREMENT=152;
--
-- AUTO_INCREMENT for table `employee_inclusion`
--
ALTER TABLE `employee_inclusion`
MODIFY `ei_id` int(11) NOT NULL AUTO_INCREMENT,AUTO_INCREMENT=23;
--
-- AUTO_INCREMENT for table `employee_series`
--
ALTER TABLE `employee_series`
MODIFY `empser_id` int(11) NOT NULL AUTO_INCREMENT,AUTO_INCREMENT=146;
--
-- AUTO_INCREMENT for table `et_details`
--
ALTER TABLE `et_details`
MODIFY `ed_id` int(11) NOT NULL AUTO_INCREMENT,AUTO_INCREMENT=337;
--
-- AUTO_INCREMENT for table `et_head`
--
ALTER TABLE `et_head`
MODIFY `et_id` int(11) NOT NULL AUTO_INCREMENT,AUTO_INCREMENT=334;
--
-- AUTO_INCREMENT for table `et_info`
--
ALTER TABLE `et_info`
MODIFY `et_id` int(11) NOT NULL AUTO_INCREMENT;
--
-- AUTO_INCREMENT for table `et_set`
--
ALTER TABLE `et_set`
MODIFY `set_id` int(11) NOT NULL AUTO_INCREMENT,AUTO_INCREMENT=12;
--
-- AUTO_INCREMENT for table `location`
--
ALTER TABLE `location`
MODIFY `location_id` int(11) NOT NULL AUTO_INCREMENT,AUTO_INCREMENT=3;
--
-- AUTO_INCREMENT for table `lost_items`
--
ALTER TABLE `lost_items`
MODIFY `lost_id` int(11) NOT NULL AUTO_INCREMENT,AUTO_INCREMENT=2;
--
-- AUTO_INCREMENT for table `physical_condition`
--
ALTER TABLE `physical_condition`
MODIFY `physical_id` int(11) NOT NULL AUTO_INCREMENT;
--
-- AUTO_INCREMENT for table `placement`
--
ALTER TABLE `placement`
MODIFY `placement_id` int(11) NOT NULL AUTO_INCREMENT;
--
-- AUTO_INCREMENT for table `rack`
--
ALTER TABLE `rack`
MODIFY `rack_id` int(11) NOT NULL AUTO_INCREMENT;
--
-- AUTO_INCREMENT for table `repair_details`
--
ALTER TABLE `repair_details`
MODIFY `repair_id` int(11) NOT NULL AUTO_INCREMENT,AUTO_INCREMENT=26;
--
-- AUTO_INCREMENT for table `returned_et`
--
ALTER TABLE `returned_et`
MODIFY `return_id` int(11) NOT NULL AUTO_INCREMENT;
--
-- AUTO_INCREMENT for table `returned_series`
--
ALTER TABLE `returned_series`
MODIFY `series_id` int(11) NOT NULL AUTO_INCREMENT,AUTO_INCREMENT=54;
--
-- AUTO_INCREMENT for table `return_details`
--
ALTER TABLE `return_details`
MODIFY `rd_id` int(11) NOT NULL AUTO_INCREMENT,AUTO_INCREMENT=93;
--
-- AUTO_INCREMENT for table `return_head`
--
ALTER TABLE `return_head`
MODIFY `return_id` int(11) NOT NULL AUTO_INCREMENT,AUTO_INCREMENT=53;
--
-- AUTO_INCREMENT for table `subcategory`
--
ALTER TABLE `subcategory`
MODIFY `subcat_id` int(11) NOT NULL AUTO_INCREMENT,AUTO_INCREMENT=13;
--
-- AUTO_INCREMENT for table `transfer_details`
--
ALTER TABLE `transfer_details`
MODIFY `td_id` int(11) NOT NULL AUTO_INCREMENT;
--
-- AUTO_INCREMENT for table `transfer_head`
--
ALTER TABLE `transfer_head`
MODIFY `transfer_id` int(11) NOT NULL AUTO_INCREMENT;
--
-- AUTO_INCREMENT for table `unit`
--
ALTER TABLE `unit`
MODIFY `unit_id` int(11) NOT NULL AUTO_INCREMENT,AUTO_INCREMENT=3;
--
-- AUTO_INCREMENT for table `users`
--
ALTER TABLE `users`
MODIFY `user_id` int(11) NOT NULL AUTO_INCREMENT,AUTO_INCREMENT=5;
/*!40101 SET CHARACTER_SET_CLIENT=@OLD_CHARACTER_SET_CLIENT */;
/*!40101 SET CHARACTER_SET_RESULTS=@OLD_CHARACTER_SET_RESULTS */;
/*!40101 SET COLLATION_CONNECTION=@OLD_COLLATION_CONNECTION */;
